tweet_id,timestamp,source,text,expanded_urls,rating_numerator,rating_denominator,name,stage,jpg_url,img_num,p1,p1_conf,p1_dog,p2,p2_conf,p2_dog,p3,p3_conf,p3_dog,retweet_count,favorite_count
890240255349198849,2017-07-26 15:59:51,"<a href=""http://twitter.com/download/iphone"" rel=""nofollow"">Twitter for iPhone</a>",This is Cassie. She is a college pup. Studying international doggo communication and stick theory. 14/10 so elegant much sophisticate https://t.co/t1bfwz5S2A,https://twitter.com/dog_rates/status/890240255349198849/photo/1,14,10,Cassie,doggo,https://pbs.twimg.com/media/DFrEyVuW0AAO3t9.jpg,1,Pembroke,0.511319,True,Cardigan,0.451038,True,Chihuahua,0.0292482,True,5958,27070
889531135344209921,2017-07-24 17:02:04,"<a href=""http://twitter.com/download/iphone"" rel=""nofollow"">Twitter for iPhone</a>",This is Stuart. He's sporting his favorite fanny pack. Secretly filled with bones only. 13/10 puppared puppo #BarkWeek https://t.co/y70o6h3isq,https://twitter.com/dog_rates/status/889531135344209921/photo/1,13,10,Stuart,puppo,https://pbs.twimg.com/media/DFg_2PVW0AEHN3p.jpg,1,golden_retriever,0.953442,True,Labrador_retriever,0.0138341,True,redbone,0.00795775,True,1847,12937
886366144734445568,2017-07-15 23:25:31,"<a href=""http://twitter.com/download/iphone"" rel=""nofollow"">Twitter for iPhone</a>",This is Roscoe. Another pupper fallen victim to spontaneous tongue ejections. Get the BlepiPen immediate. 12/10 deep breaths Roscoe https://t.co/RGE08MIJox,https://twitter.com/dog_rates/status/886366144734445568/photo/1,12,10,Roscoe,pupper,https://pbs.twimg.com/media/DE0BTnQUwAApKEH.jpg,1,French_bulldog,0.999201,True,Chihuahua,0.000361178,True,Boston_bull,7.55616e-05,True,2561,17974
884162670584377345,2017-07-09 21:29:42,"<a href=""http://twitter.com/download/iphone"" rel=""nofollow"">Twitter for iPhone</a>",Meet Yogi. He doesn't have any important dog meetings today he just enjoys looking his best at all times. 12/10 for dangerously dapper doggo https://t.co/YSI00BzTBZ,https://twitter.com/dog_rates/status/884162670584377345/photo/1,12,10,Yogi,doggo,https://pbs.twimg.com/media/DEUtQbzW0AUTv_o.jpg,1,German_shepherd,0.707046,True,malinois,0.199396,True,Norwegian_elkhound,0.0491476,True,2441,17366
883360690899218434,2017-07-07 16:22:55,"<a href=""http://twitter.com/download/iphone"" rel=""nofollow"">Twitter for iPhone</a>",Meet Grizzwald. He may be the floofiest floofer I ever did see. Lost eyes saving a schoolbus from a volcano erpuption. 13/10 heroic as h*ck https://t.co/rf661IFEYP,https://twitter.com/dog_rates/status/883360690899218434/photo/1,13,10,Grizzwald,floofer,https://pbs.twimg.com/media/DEJT3FeXoAAtwUy.jpg,1,chow,0.987997,True,Tibetan_mastiff,0.00709872,True,Newfoundland,0.00214033,True,3005,19304
882762694511734784,2017-07-06 00:46:41,"<a href=""http://twitter.com/download/iphone"" rel=""nofollow"">Twitter for iPhone</a>",This is Gus. He's quite the cheeky pupper. Already perfected the disinterested wink. 12/10 would let steal my girl https://t.co/D43I96SlVu,https://twitter.com/dog_rates/status/882762694511734784/photo/1,12,10,Gus,pupper,https://pbs.twimg.com/media/DEAz_HHXsAA-p_z.jpg,1,Labrador_retriever,0.85005,True,Chesapeake_Bay_retriever,0.074257,True,flat-coated_retriever,0.0155793999999999,True,4012,24042
878776093423087618,2017-06-25 00:45:22,"<a href=""http://twitter.com/download/iphone"" rel=""nofollow"">Twitter for iPhone</a>",This is Snoopy. He's a proud #PrideMonthPuppo. Impeccable handwriting for not having thumbs. 13/10 would love back #PrideMonth https://t.co/lNZwgNO4gS,https://twitter.com/dog_rates/status/878776093423087618/photo/1,13,10,Snoopy,puppo,https://pbs.twimg.com/media/DDIKMXzW0AEibje.jpg,2,Italian_greyhound,0.734684,True,whippet,0.1504869999999999,True,Ibizan_hound,0.0397246,True,3348,16531
876838120628539392,2017-06-19 16:24:33,"<a href=""http://twitter.com/download/iphone"" rel=""nofollow"">Twitter for iPhone</a>",This is Ginger. She's having a ruff Monday. Too many pupper things going on. H*ckin exhausting. 12/10 would snug passionately https://t.co/j211oCDRs6,https://twitter.com/dog_rates/status/876838120628539392/photo/1,12,10,Ginger,pupper,https://pbs.twimg.com/media/DCsnnZsVwAEfkyi.jpg,1,bloodhound,0.575751,True,redbone,0.24097,True,Tibetan_mastiff,0.0889348,True,2742,17634
874296783580663808,2017-06-12 16:06:11,"<a href=""http://twitter.com/download/iphone"" rel=""nofollow"">Twitter for iPhone</a>",This is Jed. He may be the fanciest pupper in the game right now. Knows it too. 13/10 would sign modeling contract https://t.co/0YplNnSMEm,https://twitter.com/dog_rates/status/874296783580663808/photo/1,13,10,Jed,pupper,https://pbs.twimg.com/media/DCIgSR0XgAANEOY.jpg,1,cocker_spaniel,0.437216,True,miniature_poodle,0.2771909999999999,True,toy_poodle,0.157402,True,3398,22252
874012996292530176,2017-06-11 21:18:31,"<a href=""http://twitter.com/download/iphone"" rel=""nofollow"">Twitter for iPhone</a>","This is Sebastian. He can't see all the colors of the rainbow, but he can see that this flag makes his human happy. 13/10 #PrideMonth puppo https://t.co/XBE0evJZ6V",https://twitter.com/dog_rates/status/874012996292530176/photo/1,13,10,Sebastian,puppo,https://pbs.twimg.com/media/DCEeLxjXsAAvNSM.jpg,2,Cardigan,0.806674,True,Pembroke,0.116622,True,kelpie,0.0491819,True,8391,29131
873213775632977920,2017-06-09 16:22:42,"<a href=""http://twitter.com/download/iphone"" rel=""nofollow"">Twitter for iPhone</a>","This is Sierra. She's one precious pupper. Absolute 12/10. Been in and out of ICU her whole life. Help Sierra below

https://t.co/Xp01EU3qyD https://t.co/V5lkvrGLdQ",https://twitter.com/dog_rates/status/873213775632977920/photo/1,12,10,Sierra,pupper,https://pbs.twimg.com/media/DB5HTBGXUAE0TiK.jpg,1,vizsla,0.6197819999999999,True,bloodhound,0.338069,True,Chesapeake_Bay_retriever,0.0126763,True,1300,6122
871762521631449091,2017-06-05 16:15:56,"<a href=""http://twitter.com/download/iphone"" rel=""nofollow"">Twitter for iPhone</a>",This is Rover. As part of pupper protocol he had to at least attempt to eat the plant. Confirmed not tasty. Needs peanut butter. 12/10 https://t.co/AiVljI6QCg,https://twitter.com/dog_rates/status/871762521631449091/photo/1,12,10,Rover,pupper,https://pbs.twimg.com/media/DBkfY58XcAEdzZy.jpg,2,Labrador_retriever,0.921393,True,golden_retriever,0.064608,True,bloodhound,0.00338337,True,2904,17302
871515927908634625,2017-06-04 23:56:03,"<a href=""http://twitter.com/download/iphone"" rel=""nofollow"">Twitter for iPhone</a>",This is Napolean. He's a Raggedy East Nicaraguan Zoom Zoom. Runs on one leg. Built for deception. No eyes. Good with kids. 12/10 great doggo https://t.co/PR7B7w1rUw,https://twitter.com/dog_rates/status/871515927908634625/photo/1,12,10,Napolean,doggo,https://pbs.twimg.com/media/DBg_HT9WAAEeIMM.jpg,2,komondor,0.974781,True,briard,0.0200412999999999,True,swab,0.00322824,False,2874,17320
869596645499047938,2017-05-30 16:49:31,"<a href=""http://twitter.com/download/iphone"" rel=""nofollow"">Twitter for iPhone</a>",This is Scout. He just graduated. Officially a doggo now. Have fun with taxes and losing sight of your ambitions. 12/10 would throw cap for https://t.co/DsA2hwXAJo,https://twitter.com/dog_rates/status/869596645499047938/photo/1,12,10,Scout,doggo,https://pbs.twimg.com/media/DBFtiYqWAAAsjj1.jpg,1,Chihuahua,0.955156,True,toy_terrier,0.00805373,True,muzzle,0.00629563,False,2577,13686
867421006826221569,2017-05-24 16:44:18,"<a href=""http://twitter.com/download/iphone"" rel=""nofollow"">Twitter for iPhone</a>",This is Shikha. She just watched you drop a skittle on the ground and still eat it. Could not be less impressed. 12/10 superior puppo https://t.co/XZlZKd73go,https://twitter.com/dog_rates/status/867421006826221569/photo/1,12,10,Shikha,puppo,https://pbs.twimg.com/media/DAmyy8FXYAIH8Ty.jpg,1,Eskimo_dog,0.6164569999999999,True,Siberian_husky,0.38133,True,malamute,0.00167022,True,2075,13876
866450705531457537,2017-05-22 00:28:40,"<a href=""http://twitter.com/download/iphone"" rel=""nofollow"">Twitter for iPhone</a>","This is Jamesy. He gives a kiss to every other pupper he sees on his walk. 13/10 such passion, much tender https://t.co/wk7TfysWHr",https://twitter.com/dog_rates/status/866450705531457537/photo/1,13,10,Jamesy,pupper,https://pbs.twimg.com/media/DAZAUfBXcAAG_Nn.jpg,2,French_bulldog,0.905334,True,Boston_bull,0.0780597,True,pug,0.00177092,True,29477,105513
850019790995546112,2017-04-06 16:18:05,"<a href=""http://twitter.com/download/iphone"" rel=""nofollow"">Twitter for iPhone</a>",Say hello to Boomer. He's a sandy pupper. Having a h*ckin blast. 12/10 would pet passionately https://t.co/ecb3LvExde,https://twitter.com/dog_rates/status/850019790995546112/photo/1,12,10,Boomer,pupper,https://pbs.twimg.com/media/C8vgfTsXgAA561h.jpg,3,Shetland_sheepdog,0.759907,True,collie,0.107405,True,Pembroke,0.0523353,True,4279,18190
846514051647705089,2017-03-28 00:07:32,"<a href=""http://twitter.com/download/iphone"" rel=""nofollow"">Twitter for iPhone</a>",This is Barney. He's an elder doggo. Hitches a ride when he gets tired. Waves goodbye before he leaves. 13/10 please come back soon https://t.co/cFAasDXauK,https://twitter.com/dog_rates/status/846514051647705089/photo/1,13,10,Barney,doggo,https://pbs.twimg.com/media/C79sB4xXwAEvwKY.jpg,2,golden_retriever,0.650003,True,Leonberg,0.0651992,True,Norfolk_terrier,0.0529553,True,10165,39914
845397057150107648,2017-03-24 22:08:59,"<a href=""http://twitter.com/download/iphone"" rel=""nofollow"">Twitter for iPhone</a>","Say hello to Mimosa. She's an emotional support doggo who helps her owner with PTSD. 13/10, but she needs your help

https://t.co/L6mLzrd7Mx https://t.co/jMutBFdw5o",https://twitter.com/dog_rates/status/845397057150107648/photo/1,13,10,Mimosa,doggo,https://pbs.twimg.com/media/C7t0IzLWkAINoft.jpg,1,Dandie_Dinmont,0.394404,True,Maltese_dog,0.1865369999999999,True,West_Highland_white_terrier,0.1819849999999999,True,1578,6868
845306882940190720,2017-03-24 16:10:40,"<a href=""http://twitter.com/download/iphone"" rel=""nofollow"">Twitter for iPhone</a>",This is Pickles. She's a silly pupper. Thinks she's a dish. 12/10 would dry https://t.co/7mPCF4ZwEk,https://twitter.com/dog_rates/status/845306882940190720/photo/1,12,10,Pickles,pupper,https://pbs.twimg.com/media/C7siH5DXkAACnDT.jpg,1,Irish_water_spaniel,0.567475,True,Labrador_retriever,0.169496,True,curly-coated_retriever,0.101518,True,4755,20990
837110210464448512,2017-03-02 01:20:01,"<a href=""http://twitter.com/download/iphone"" rel=""nofollow"">Twitter for iPhone</a>",This is Clark. He passed pupper training today. Round of appaws for Clark. 13/10 https://t.co/7pUjwe8X6B,https://twitter.com/dog_rates/status/837110210464448512/photo/1,13,10,Clark,pupper,https://pbs.twimg.com/media/C54DS1kXQAEU5pS.jpg,1,Siberian_husky,0.767696,True,Eskimo_dog,0.217079,True,malamute,0.0116568,True,2141,14588
836753516572119041,2017-03-01 01:42:39,"<a href=""http://twitter.com/download/iphone"" rel=""nofollow"">Twitter for iPhone</a>",This is Meera. She just heard about taxes and how much a doghouse in a nice area costs. Not pupared to be a  doggo anymore. 12/10 https://t.co/GZmNEdyoJY,https://twitter.com/dog_rates/status/836753516572119041/photo/1,12,10,Meera,doggo,https://pbs.twimg.com/media/C5y-4VwWcAIcaoj.jpg,1,mortarboard,0.936882,False,academic_gown,0.0208154,False,schipperke,0.0115635,True,4163,17576
836380477523124226,2017-02-28 01:00:19,"<a href=""http://twitter.com/download/iphone"" rel=""nofollow"">Twitter for iPhone</a>","This is Ava. She just blasted off. Streamline af. Aerodynamic as h*ck. One small step for pupper, one giant leap for pupkind. 12/10 https://t.co/W4KffrdX3Q",https://twitter.com/dog_rates/status/836380477523124226/photo/1,12,10,Ava,pupper,https://pbs.twimg.com/media/C5trm6iWgAQ22Hw.jpg,1,wooden_spoon,0.0824886,False,sliding_door,0.0610164999999999,False,grand_piano,0.0550861,False,2687,13462
833124694597443584,2017-02-19 01:23:00,"<a href=""http://twitter.com/download/iphone"" rel=""nofollow"">Twitter for iPhone</a>",This is Gidget. She's a spy pupper. Stealthy as h*ck. Must've slipped pup and got caught. 12/10 would forgive then pet https://t.co/zD97KYFaFa,https://twitter.com/dog_rates/status/833124694597443584/photo/1,12,10,Gidget,pupper,https://pbs.twimg.com/media/C4_ad1IUoAEspsk.jpg,3,Cardigan,0.7105229999999999,True,kelpie,0.106102,True,shopping_cart,0.0554755,False,4339,18390
832998151111966721,2017-02-18 17:00:10,"<a href=""http://twitter.com/download/iphone"" rel=""nofollow"">Twitter for iPhone</a>","This is Rhino. He arrived at a shelter with an elaborate doggo manual for his new family, written by someone who will always love him. 13/10 https://t.co/QX1h0oqMz0",https://twitter.com/dog_rates/status/832998151111966721/photo/1,13,10,Rhino,doggo,https://pbs.twimg.com/media/C49nZavUYAEJjGw.jpg,1,boxer,0.539036,True,French_bulldog,0.317617,True,bull_mastiff,0.0939285,True,1956,12057
832273440279240704,2017-02-16 17:00:25,"<a href=""http://twitter.com/download/iphone"" rel=""nofollow"">Twitter for iPhone</a>",Say hello to Smiley. He's a blind therapy doggo having a h*ckin blast high steppin around in the snow. 14/10 would follow anywhere https://t.co/SHAb1wHjMz,https://twitter.com/dog_rates/status/832273440279240704/video/1,14,10,Smiley,doggo,https://pbs.twimg.com/ext_tw_video_thumb/832273373149413377/pu/img/qOqxM0b48fEarmq6.jpg,1,Pembroke,0.134081,True,ice_bear,0.0519278,False,pug,0.0443109,True,2092,10285
832032802820481025,2017-02-16 01:04:13,"<a href=""http://twitter.com/download/iphone"" rel=""nofollow"">Twitter for iPhone</a>","This is Miguel. He was the only remaining doggo at the adoption center after the weekend. Let's change that. 12/10

https://t.co/P0bO8mCQwN https://t.co/SU4K34NT4M",https://twitter.com/dog_rates/status/832032802820481025/photo/1,12,10,Miguel,doggo,https://pbs.twimg.com/media/C4v5a4UWcAIRygc.jpg,1,whippet,0.601712,True,Ibizan_hound,0.152662,True,Italian_greyhound,0.135055,True,4188,16171
831939777352105988,2017-02-15 18:54:34,"<a href=""http://twitter.com/download/iphone"" rel=""nofollow"">Twitter for iPhone</a>",This is Emanuel. He's a h*ckin rare doggo. Dwells in a semi-urban environment. Round features make him extra collectible. 12/10 would so pet https://t.co/k9bzgyVdUT,https://twitter.com/dog_rates/status/831939777352105988/photo/1,12,10,Emanuel,doggo,https://pbs.twimg.com/media/C4uk0EWWQAAaZm1.jpg,1,Pomeranian,0.153862,True,marmot,0.0912338999999999,False,grey_fox,0.0906441,False,5524,21803
831322785565769729,2017-02-14 02:02:51,"<a href=""http://twitter.com/download/iphone"" rel=""nofollow"">Twitter for iPhone</a>",This is Pete. He has no eyes. Needs a guide doggo. Also appears to be considerably fluffy af. 12/10 would hug softly https://t.co/Xc0gyovCtK,https://twitter.com/dog_rates/status/831322785565769729/photo/1,12,10,Pete,doggo,https://pbs.twimg.com/media/C4lzqQ4UEAApzU0.jpg,1,Old_English_sheepdog,0.999715,True,Tibetan_terrier,4.62967e-05,True,guinea_pig,4.1184300000000005e-05,False,1405,8466
828381636999917570,2017-02-05 23:15:47,"<a href=""http://twitter.com/download/iphone"" rel=""nofollow"">Twitter for iPhone</a>",Meet Doobert. He's a deaf doggo. Didn't stop him on the field tho. Absolute legend today. 14/10 would pat head approvingly https://t.co/iCk7zstRA9,https://twitter.com/dog_rates/status/828381636999917570/photo/1,14,10,Doobert,doggo,https://pbs.twimg.com/media/C38Asz1WEAAvzj3.jpg,1,Bedlington_terrier,0.3925349999999999,True,Labrador_retriever,0.0890217,True,clumber,0.0817998,True,2013,11493
827933404142436356,2017-02-04 17:34:40,"<a href=""http://twitter.com/download/iphone"" rel=""nofollow"">Twitter for iPhone</a>",This is Kona. Yesterday she stopped by the department to see what it takes to be a police pupper. 12/10 vest was only a smidge too big https://t.co/j8D3PQJvpJ,https://twitter.com/dog_rates/status/827933404142436356/photo/1,12,10,Kona,pupper,https://pbs.twimg.com/media/C31pCN4UcAAOLNH.jpg,2,German_shepherd,0.8061149999999999,True,Tibetan_mastiff,0.104831,True,kelpie,0.0381482,True,4716,18298
826958653328592898,2017-02-02 01:01:21,"<a href=""http://twitter.com/download/iphone"" rel=""nofollow"">Twitter for iPhone</a>",This is Loki. He smiles like Elvis. Ain't nothin but a hound doggo. 12/10 https://t.co/QV5nx6otZR,https://twitter.com/dog_rates/status/826958653328592898/photo/1,12,10,Loki,doggo,https://pbs.twimg.com/media/C3nygbBWQAAjwcW.jpg,1,golden_retriever,0.6173890000000001,True,Labrador_retriever,0.337053,True,tennis_ball,0.00855442,False,4484,19682
826848821049180160,2017-02-01 17:44:55,"<a href=""http://twitter.com/download/iphone"" rel=""nofollow"">Twitter for iPhone</a>",This is Cupid. He was found in the trash. Now he's well on his way to prosthetic front legs and a long happy doggo life. 13/10 heroic af https://t.co/WS0Gha8vRh,https://twitter.com/dog_rates/status/826848821049180160/photo/1,13,10,Cupid,doggo,https://pbs.twimg.com/media/C3mOnZ_XUAAjr2V.jpg,4,Great_Pyrenees,0.858764,True,golden_retriever,0.0235257,True,Pekinese,0.0171039,True,9151,32999
826476773533745153,2017-01-31 17:06:32,"<a href=""http://twitter.com/download/iphone"" rel=""nofollow"">Twitter for iPhone</a>",This is Pilot. He has mastered the synchronized head tilt and sneaky tongue slip. Usually not unlocked until later doggo days. 12/10 https://t.co/YIV8sw8xkh,https://twitter.com/dog_rates/status/826476773533745153/photo/1,12,10,Pilot,doggo,https://pbs.twimg.com/media/C3g8M0lWIAEcFgn.jpg,1,German_shepherd,0.7418600000000001,True,Tibetan_mastiff,0.1228119999999999,True,kelpie,0.10046,True,3815,16857
825026590719483904,2017-01-27 17:04:02,"<a href=""http://twitter.com/download/iphone"" rel=""nofollow"">Twitter for iPhone</a>","Say hello to Pablo. He's one gorgeous puppo. A true 12/10. Click the link to see why Pablo requests your assistance

https://t.co/koHvVQp9bL https://t.co/IhW0JKf7kc",https://twitter.com/dog_rates/status/825026590719483904/photo/1,12,10,Pablo,puppo,https://pbs.twimg.com/media/C3MVTeHWcAAGNfx.jpg,2,Eskimo_dog,0.524454,True,Siberian_husky,0.467678,True,malamute,0.00497584,True,1153,5736
822462944365645825,2017-01-20 15:17:01,"<a href=""http://twitter.com/download/iphone"" rel=""nofollow"">Twitter for iPhone</a>","This is Gabe. He was the unequivocal embodiment of a dream meme, but also one h*ck of a pupper. You will be missed by so many. 14/10 RIP https://t.co/M3hZGadUuO",https://twitter.com/dog_rates/status/822462944365645825/photo/1,14,10,Gabe,pupper,https://pbs.twimg.com/media/C2n5rUUXEAIXAtv.jpg,3,Pomeranian,0.960199,True,Samoyed,0.0230563,True,Maltese_dog,0.00894488,True,12896,25687
821765923262631936,2017-01-18 17:07:18,"<a href=""http://twitter.com/download/iphone"" rel=""nofollow"">Twitter for iPhone</a>",This is Duchess. She uses dark doggo forces to levitate her toys. 13/10 magical af https://t.co/maDNMETA52,https://twitter.com/dog_rates/status/821765923262631936/photo/1,13,10,Duchess,doggo,https://pbs.twimg.com/media/C2d_vnHWEAE9phX.jpg,1,golden_retriever,0.980071,True,Labrador_retriever,0.00875751,True,Saluki,0.00180595,True,1534,7661
821407182352777218,2017-01-17 17:21:47,"<a href=""http://twitter.com/download/iphone"" rel=""nofollow"">Twitter for iPhone</a>",This is Sundance. He's a doggo drummer. Even sings a bit on the side. 14/10 entertained af (vid by @sweetsundance) https://t.co/Xn5AQtiqzG,https://twitter.com/dog_rates/status/821407182352777218/video/1,14,10,Sundance,doggo,https://pbs.twimg.com/ext_tw_video_thumb/821407155391725568/pu/img/AJC07gFJDDBuwNTD.jpg,1,Irish_setter,0.5054960000000001,True,vizsla,0.168747,True,Chesapeake_Bay_retriever,0.111311,True,3921,10807
819952236453363712,2017-01-13 17:00:21,"<a href=""http://twitter.com/download/iphone"" rel=""nofollow"">Twitter for iPhone</a>","This is Oliver. He has dreams of being a service puppo so he can help his owner. 13/10 selfless af

make it happen:
https://t.co/f5WMsx0a9K https://t.co/6lJz0DKZIb",https://twitter.com/dog_rates/status/819952236453363712/photo/1,13,10,Oliver,puppo,https://pbs.twimg.com/media/C2EONHNWQAUWxkP.jpg,1,American_Staffordshire_terrier,0.925505,True,Staffordshire_bullterrier,0.0362215,True,Italian_greyhound,0.0204119,True,1061,4875
819006400881917954,2017-01-11 02:21:57,"<a href=""http://twitter.com/download/iphone"" rel=""nofollow"">Twitter for iPhone</a>",This is Sunny. She was also a very good First Doggo. 14/10 would also be an absolute honor to pet https://t.co/YOC1fHFCSb,https://twitter.com/dog_rates/status/819006400881917954/photo/1,14,10,Sunny,doggo,https://pbs.twimg.com/media/C12x-JTVIAAzdfl.jpg,4,prison,0.907083,False,palace,0.0200891,False,umbrella,0.00784954,False,17402,41821
819004803107983360,2017-01-11 02:15:36,"<a href=""http://twitter.com/download/iphone"" rel=""nofollow"">Twitter for iPhone</a>",This is Bo. He was a very good First Doggo. 14/10 would be an absolute honor to pet https://t.co/AdPKrI8BZ1,https://twitter.com/dog_rates/status/819004803107983360/photo/1,14,10,Bo,doggo,https://pbs.twimg.com/media/C12whDoVEAALRxa.jpg,1,standard_poodle,0.351308,True,toy_poodle,0.271929,True,Tibetan_terrier,0.0947592,True,33752,80390
817777686764523521,2017-01-07 16:59:28,"<a href=""http://twitter.com/download/iphone"" rel=""nofollow"">Twitter for iPhone</a>","This is Dido. She's playing the lead role in ""Pupper Stops to Catch Snow Before Resuming Shadow Box with Dried Apple."" 13/10 (IG: didodoggo) https://t.co/m7isZrOBX7",https://twitter.com/dog_rates/status/817777686764523521/video/1,13,10,Dido,pupper,https://pbs.twimg.com/ext_tw_video_thumb/817777588030476288/pu/img/KbuLpE4krHF4VdPf.jpg,1,curly-coated_retriever,0.733256,True,flat-coated_retriever,0.2141449999999999,True,Irish_water_spaniel,0.029769,True,2466,9927
814986499976527872,2016-12-31 00:08:17,"<a href=""http://twitter.com/download/iphone"" rel=""nofollow"">Twitter for iPhone</a>",This is Cooper. Someone attacked him with a sharpie. Poor pupper. 11/10 nifty tongue slip tho https://t.co/01vpuRDXQ8,https://twitter.com/dog_rates/status/814986499976527872/photo/1,11,10,Cooper,pupper,https://pbs.twimg.com/media/C09p5dJWIAE5qKL.jpg,1,dalmatian,0.999828,True,boxer,6.78061e-05,True,American_Staffordshire_terrier,3.42436e-05,True,1173,7050
813910438903693312,2016-12-28 00:52:25,"<a href=""http://twitter.com/download/iphone"" rel=""nofollow"">Twitter for iPhone</a>",This is Chubbs. He dug a hole and now he's stuck in it. Dang h*ckin doggo. 11/10 would assist https://t.co/z1VRj1cYZf,https://twitter.com/dog_rates/status/813910438903693312/photo/1,11,10,Chubbs,doggo,https://pbs.twimg.com/media/C0uXObSXUAAIzmV.jpg,1,Siberian_husky,0.6993550000000001,True,Eskimo_dog,0.2564329999999999,True,Norwegian_elkhound,0.0131888,True,1709,8584
813096984823349248,2016-12-25 19:00:02,"<a href=""http://twitter.com/download/iphone"" rel=""nofollow"">Twitter for iPhone</a>",This is Rocky. He got triple-doggo-dared. Stuck af. 11/10 someone help him https://t.co/soNL00XWVu,https://twitter.com/dog_rates/status/813096984823349248/photo/1,11,10,Rocky,doggo,https://pbs.twimg.com/media/C0izZULWgAAKD-F.jpg,1,Great_Dane,0.128056,True,Boston_bull,0.117003,True,kelpie,0.0869643,True,3314,9715
811386762094317568,2016-12-21 01:44:13,"<a href=""http://twitter.com/download/iphone"" rel=""nofollow"">Twitter for iPhone</a>",This is Craig. That's actually a normal sized fence he's stuck on. H*ckin massive pupper. 11/10 someone help him https://t.co/aAUXzoxaBy,https://twitter.com/dog_rates/status/811386762094317568/photo/1,11,10,Craig,pupper,https://pbs.twimg.com/media/C0Kf9PtWQAEW4sE.jpg,1,Pembroke,0.804177,True,Cardigan,0.18989,True,beagle,0.00196475,True,5854,19266
807621403335917568,2016-12-10 16:22:02,"<a href=""http://twitter.com/download/iphone"" rel=""nofollow"">Twitter for iPhone</a>",This is Ollie Vue. He was a 3 legged pupper on a mission to overcome everything. This is very hard to write. 14/10 we will miss you Ollie https://t.co/qTRY2qX9y4,https://twitter.com/dog_rates/status/807621403335917568/photo/1,14,10,Ollie,pupper,https://pbs.twimg.com/media/CzU_YVGUUAA3Xsd.jpg,3,golden_retriever,0.873233,True,cocker_spaniel,0.0336933,True,chow,0.0204084,True,3320,13456
803773340896923648,2016-11-30 01:31:12,"<a href=""http://twitter.com/download/iphone"" rel=""nofollow"">Twitter for iPhone</a>",This is Diogi. He fell in the pool as soon as he was brought home. Clumsy puppo. 12/10 would pet until dry https://t.co/ZxeRjMKaWt,https://twitter.com/dog_rates/status/803773340896923648/photo/1,12,10,Diogi,puppo,https://pbs.twimg.com/media/CyeTku-XcAALkBd.jpg,2,miniature_pinscher,0.817066,True,redbone,0.0597065,True,Irish_terrier,0.0341952,True,2538,9284
802239329049477120,2016-11-25 19:55:35,"<a href=""http://twitter.com/download/iphone"" rel=""nofollow"">Twitter for iPhone</a>",This is Loki. He'll do your taxes for you. Can also make room in your budget for all the things you bought today. 12/10 what a puppo https://t.co/5oWrHCWg87,https://twitter.com/dog_rates/status/802239329049477120/photo/1,12,10,Loki,puppo,https://pbs.twimg.com/media/CyIgaTEVEAA-9zS.jpg,2,Eskimo_dog,0.482498,True,Siberian_husky,0.3357739999999999,True,malamute,0.134589,True,2396,8407
801115127852503040,2016-11-22 17:28:25,"<a href=""http://twitter.com/download/iphone"" rel=""nofollow"">Twitter for iPhone</a>",This is Bones. He's being haunted by another doggo of roughly the same size. 12/10 deep breaths pupper everything's fine https://t.co/55Dqe0SJNj,https://twitter.com/dog_rates/status/801115127852503040/photo/1,12,10,Bones,pupper,https://pbs.twimg.com/media/Cx4h7zHUsAAqaJd.jpg,1,dalmatian,0.823356,True,English_setter,0.0946018999999999,True,bluetick,0.0219534,True,1951,7446
800388270626521089,2016-11-20 17:20:08,"<a href=""http://twitter.com/download/iphone"" rel=""nofollow"">Twitter for iPhone</a>",This is Doc. He takes time out of every day to worship our plant overlords. 12/10 quite the floofer https://t.co/azMneS6Ly5,https://twitter.com/dog_rates/status/800388270626521089/photo/1,12,10,Doc,floofer,https://pbs.twimg.com/media/CxuM3oZW8AEhO5z.jpg,2,golden_retriever,0.35986,True,Pembroke,0.194207,True,collie,0.154603,True,2585,10274
799757965289017345,2016-11-18 23:35:32,"<a href=""http://twitter.com/download/iphone"" rel=""nofollow"">Twitter for iPhone</a>",This is Sobe. She's a h*ckin happy doggo. Only one leg tho. Must have good balance. 13/10 would smile back https://t.co/OiH8PaOxB1,https://twitter.com/dog_rates/status/799757965289017345/photo/1,13,10,Sobe,doggo,https://pbs.twimg.com/media/CxlPnoSUcAEXf1i.jpg,1,Border_collie,0.442534,True,collie,0.288684,True,Shetland_sheepdog,0.196399,True,1970,7734
794205286408003585,2016-11-03 15:51:10,"<a href=""http://twitter.com/download/iphone"" rel=""nofollow"">Twitter for iPhone</a>",This is Laika. She was a space pupper. The first space pupper actually. Orbited earth like a h*ckin boss. 14/10 hero af https://t.co/trSjgY3h4g,https://twitter.com/dog_rates/status/794205286408003585/photo/1,14,10,Laika,pupper,https://pbs.twimg.com/media/CwWVe_3WEAAHAvx.jpg,3,pedestal,0.66266,False,fountain,0.294827,False,brass,0.0203711,False,3046,8521
793195938047070209,2016-10-31 21:00:23,"<a href=""http://twitter.com/download/iphone"" rel=""nofollow"">Twitter for iPhone</a>",Say hello to Lily. She's pupset that her costume doesn't fit as well as last year. 12/10 poor puppo https://t.co/YSi6K1firY,https://twitter.com/dog_rates/status/793195938047070209/photo/1,12,10,Lily,puppo,https://pbs.twimg.com/media/CwH_foYWgAEvTyI.jpg,2,Labrador_retriever,0.654762,True,golden_retriever,0.0741,True,Chihuahua,0.0423393,True,5183,14059
790946055508652032,2016-10-25 16:00:09,"<a href=""http://twitter.com/download/iphone"" rel=""nofollow"">Twitter for iPhone</a>",This is Betty. She's assisting with the dishes. Such a good puppo. 12/10 h*ckin helpful af https://t.co/dgvTPZ9tgI,https://twitter.com/dog_rates/status/790946055508652032/photo/1,12,10,Betty,puppo,https://pbs.twimg.com/media/CvoBPWRWgAA4het.jpg,1,dishwasher,0.700466,False,golden_retriever,0.245773,True,chow,0.0390116999999999,True,4293,15392
787717603741622272,2016-10-16 18:11:26,"<a href=""http://twitter.com/download/iphone"" rel=""nofollow"">Twitter for iPhone</a>",This is Tonks. She is a service puppo. Can hear a caterpillar hiccup from 7 miles away. 13/10 would follow anywhere https://t.co/i622ZbWkUp,https://twitter.com/dog_rates/status/787717603741622272/photo/1,13,10,Tonks,puppo,https://pbs.twimg.com/media/Cu6I9vvWIAAZG0a.jpg,3,German_shepherd,0.992339,True,malinois,0.00492039,True,kelpie,0.0008528019999999,True,2526,9413
786363235746385920,2016-10-13 00:29:39,"<a href=""http://twitter.com/download/iphone"" rel=""nofollow"">Twitter for iPhone</a>",This is Rizzo. He has many talents. A true renaissance doggo. 13/10 entertaining af https://t.co/TVXpEJB7Wn,https://twitter.com/dog_rates/status/786363235746385920/photo/1,13,10,Rizzo,doggo,https://pbs.twimg.com/media/Cum5LlfWAAAyPcS.jpg,1,golden_retriever,0.929266,True,Labrador_retriever,0.0628667,True,Saluki,0.00215669,True,3143,10008
785639753186217984,2016-10-11 00:34:48,"<a href=""http://twitter.com/download/iphone"" rel=""nofollow"">Twitter for iPhone</a>",This is Pinot. He's a sophisticated doggo. You can tell by the hat. Also pointier than your average pupper. Still 10/10 would pet cautiously https://t.co/f2wmLZTPHd,https://twitter.com/dog_rates/status/785639753186217984/photo/1,10,10,Pinot,pupper,https://pbs.twimg.com/media/CucnLmeWAAALOSC.jpg,1,porcupine,0.978042,False,sea_urchin,0.0061063,False,echidna,0.00544197,False,2063,7203
782747134529531904,2016-10-03 01:00:34,"<a href=""http://twitter.com/download/iphone"" rel=""nofollow"">Twitter for iPhone</a>",This is Deacon. He's the happiest almost dry doggo I've ever seen. 11/10 would smile back https://t.co/C6fUMnHt1H,https://twitter.com/dog_rates/status/782747134529531904/photo/1,11,10,Deacon,doggo,https://pbs.twimg.com/media/CtzgXgeXYAA1Gxw.jpg,1,golden_retriever,0.560699,True,otterhound,0.199482,True,clumber,0.0406818,True,1289,6880
782305867769217024,2016-10-01 19:47:08,"<a href=""http://twitter.com/download/iphone"" rel=""nofollow"">Twitter for iPhone</a>",This is Sampson. He just graduated. Ready to be a doggo now. Time for the real world. 12/10 have fun with taxes https://t.co/pgVKxRw0s1,https://twitter.com/dog_rates/status/782305867769217024/photo/1,12,10,Sampson,doggo,https://pbs.twimg.com/media/CttPBt0WIAAcsDE.jpg,1,briard,0.5044270000000001,True,soft-coated_wheaten_terrier,0.390678,True,Lhasa,0.0345955,True,5024,15267
778027034220126208,2016-09-20 00:24:34,"<a href=""http://twitter.com/download/iphone"" rel=""nofollow"">Twitter for iPhone</a>",This is Sophie. She's a Jubilant Bush Pupper. Super h*ckin rare. Appears at random just to smile at the locals. 11.27/10 would smile back https://t.co/QFaUiIHxHq,https://twitter.com/dog_rates/status/778027034220126208/photo/1,27,10,Sophie,pupper,https://pbs.twimg.com/media/Cswbc2yWcAAVsCJ.jpg,1,clumber,0.946718,True,cocker_spaniel,0.0159499,True,Lhasa,0.00651911,True,1456,5996
776477788987613185,2016-09-15 17:48:25,"<a href=""http://twitter.com/download/iphone"" rel=""nofollow"">Twitter for iPhone</a>",This is Huck. He's addicted to caffeine. Hope it's not too latte to seek help. 11/10 stay strong pupper https://t.co/iJE3F0VozW,https://twitter.com/dog_rates/status/776477788987613185/photo/1,11,10,Huck,pupper,https://pbs.twimg.com/media/CsaaaaxWgAEfzM7.jpg,1,Labrador_retriever,0.8848389999999999,True,Chesapeake_Bay_retriever,0.0575650999999999,True,paintbrush,0.00576608,False,2501,8012
776113305656188928,2016-09-14 17:40:06,"<a href=""http://twitter.com/download/iphone"" rel=""nofollow"">Twitter for iPhone</a>",This is Sampson. He's about to get hit with a vicious draw 2. Has no idea. 11/10 poor pupper https://t.co/FYT9QBEnKG,https://twitter.com/dog_rates/status/776113305656188928/photo/1,11,10,Sampson,pupper,https://pbs.twimg.com/media/CsVO7ljW8AAckRD.jpg,1,mousetrap,0.777468,False,black_widow,0.0939401999999999,False,paddlewheel,0.0174919,False,3938,10785
775733305207554048,2016-09-13 16:30:07,"<a href=""http://twitter.com/download/iphone"" rel=""nofollow"">Twitter for iPhone</a>",This is Anakin. He strives to reach his full doggo potential. Born with blurry tail tho. 11/10 would still pet well https://t.co/9CcBSxCXXG,https://twitter.com/dog_rates/status/775733305207554048/photo/1,11,10,Anakin,doggo,https://pbs.twimg.com/media/CsP1UvaW8AExVSA.jpg,1,long-horned_beetle,0.6138520000000001,False,ox,0.0294728,False,rhinoceros_beetle,0.0278060999999999,False,3623,12660
775364825476165632,2016-09-12 16:05:54,"<a href=""http://twitter.com/download/iphone"" rel=""nofollow"">Twitter for iPhone</a>",This is Finley. He's an independent doggo still adjusting to life on his own. 11/10 https://t.co/7FNcBaKbci,https://twitter.com/dog_rates/status/775364825476165632/photo/1,11,10,Finley,doggo,https://pbs.twimg.com/media/CsKmMB2WAAAXcAy.jpg,3,beagle,0.571229,True,Chihuahua,0.175257,True,Pembroke,0.0343063,True,2657,6766
773985732834758656,2016-09-08 20:45:53,"<a href=""http://twitter.com/download/iphone"" rel=""nofollow"">Twitter for iPhone</a>",Meet Winnie. She just made awkward eye contact with the driver beside her. Poor pupper panicked. 11/10 would comfort https://t.co/RFWtDqTnAz,https://twitter.com/dog_rates/status/773985732834758656/photo/1,11,10,Winnie,pupper,https://pbs.twimg.com/media/Cr2_6R8WAAAUMtc.jpg,4,giant_panda,0.4511489999999999,False,fur_coat,0.148001,False,pug,0.10957,True,3507,9879
773547596996571136,2016-09-07 15:44:53,"<a href=""http://twitter.com/download/iphone"" rel=""nofollow"">Twitter for iPhone</a>",This is Chelsea. She forgot how to dog. 11/10 get it together pupper https://t.co/nBJ5RE4yHb,https://twitter.com/dog_rates/status/773547596996571136/photo/1,11,10,Chelsea,pupper,https://pbs.twimg.com/media/Crwxb5yWgAAX5P_.jpg,1,Norwegian_elkhound,0.372202,True,Chesapeake_Bay_retriever,0.1371869999999999,True,malamute,0.0714361999999999,True,5567,20216
772193107915964416,2016-09-03 22:02:38,"<a href=""http://twitter.com/download/iphone"" rel=""nofollow"">Twitter for iPhone</a>",This is Willem. He's a Penn State pupper. Thinks the hood makes him more intimidating. It doesn't. 12/10 https://t.co/Dp0s7MRIHK,https://twitter.com/dog_rates/status/772193107915964416/photo/1,12,10,Willem,pupper,https://pbs.twimg.com/media/Crdhh_1XEAAHKHi.jpg,1,Pembroke,0.3679449999999999,True,Chihuahua,0.2235219999999999,True,Pekinese,0.164871,True,1259,5518
768193404517830656,2016-08-23 21:09:14,"<a href=""http://twitter.com/download/iphone"" rel=""nofollow"">Twitter for iPhone</a>",Meet Gerald. He's a fairly exotic doggo. Floofy af. Inadequate knees tho. Self conscious about large forehead. 8/10 https://t.co/WmczvjCWJq,https://twitter.com/dog_rates/status/768193404517830656/photo/1,8,10,Gerald,doggo,https://pbs.twimg.com/media/Cqkr0wiW8AAn2Oi.jpg,1,lion,0.396984,False,ram,0.300851,False,cheetah,0.094474,False,3186,9878
765371061932261376,2016-08-16 02:14:15,"<a href=""http://twitter.com/download/iphone"" rel=""nofollow"">Twitter for iPhone</a>",This is Louie. He's had a long day. Did a lot of pupper things. Also appears to be rather heckin pettable. 11/10 https://t.co/w2qDmoTIZ5,https://twitter.com/dog_rates/status/765371061932261376/photo/1,11,10,Louie,pupper,https://pbs.twimg.com/media/Cp8k6oRWcAUL78U.jpg,2,golden_retriever,0.829456,True,Labrador_retriever,0.0893708999999999,True,kuvasz,0.0170275,True,1956,6500
760893934457552897,2016-08-03 17:43:45,"<a href=""http://twitter.com/download/iphone"" rel=""nofollow"">Twitter for iPhone</a>",This is Wishes. He has the day off. Daily struggles of being a doggo have finally caught up with him. 11/10 https://t.co/H9YgrUkYwa,https://twitter.com/dog_rates/status/760893934457552897/photo/1,11,10,Wishes,doggo,https://pbs.twimg.com/media/Co88_ujWEAErCg7.jpg,1,Blenheim_spaniel,0.113992,True,cocker_spaniel,0.10578,True,borzoi,0.0739345,True,871,3466
759793422261743616,2016-07-31 16:50:42,"<a href=""http://twitter.com/download/iphone"" rel=""nofollow"">Twitter for iPhone</a>","Meet Maggie &amp; Lila. Maggie is the doggo, Lila is the pupper. They are sisters. Both 12/10 would pet at the same time https://t.co/MYwR4DQKll",https://twitter.com/dog_rates/status/759793422261743616/photo/1,12,10,Maggie,pupper,https://pbs.twimg.com/media/CotUFZEWcAA2Pku.jpg,2,golden_retriever,0.985876,True,Labrador_retriever,0.00194777,True,kuvasz,0.00175174,True,1727,5425
756939218950160384,2016-07-23 19:49:07,"<a href=""http://twitter.com/download/iphone"" rel=""nofollow"">Twitter for iPhone</a>",This is Jax. He is a majestic mountain pupper. Thinks flat ground is for the weak. 12/10 would totally hike with https://t.co/KGdeHuFJnH,https://twitter.com/dog_rates/status/756939218950160384/photo/1,12,10,Jax,pupper,https://pbs.twimg.com/media/CoEwMXeWEAAaIz5.jpg,1,golden_retriever,0.790371,True,cocker_spaniel,0.130268,True,Labrador_retriever,0.0646287,True,1803,6040
751132876104687617,2016-07-07 19:16:47,"<a href=""http://twitter.com/download/iphone"" rel=""nofollow"">Twitter for iPhone</a>",This is Cooper. He's just so damn happy. 10/10 what's your secret puppo? https://t.co/yToDwVXEpA,https://twitter.com/dog_rates/status/751132876104687617/photo/1,10,10,Cooper,puppo,https://pbs.twimg.com/media/CmyPXNOW8AEtaJ-.jpg,1,Labrador_retriever,0.92939,True,Chesapeake_Bay_retriever,0.0382535,True,golden_retriever,0.0076102,True,1162,4591
750868782890057730,2016-07-07 01:47:22,"<a href=""http://twitter.com/download/iphone"" rel=""nofollow"">Twitter for iPhone</a>",Meet Milo. He hauled ass until he ran out of treadmill and then passed out from exhaustion. 11/10 sleep tight pupper https://t.co/xe1aGZNkcC,https://twitter.com/dog_rates/status/750868782890057730/photo/1,11,10,Milo,pupper,https://pbs.twimg.com/media/CmufLLsXYAAsU0r.jpg,4,toy_poodle,0.912648,True,miniature_poodle,0.0350592,True,seat_belt,0.0263755999999999,False,1218,4350
750506206503038976,2016-07-06 01:46:38,"<a href=""http://twitter.com/download/iphone"" rel=""nofollow"">Twitter for iPhone</a>",This is Malcolm. He's absolutely terrified of heights. 8/10 hang in there pupper https://t.co/SVU00Sc9U2,https://twitter.com/dog_rates/status/750506206503038976/photo/1,8,10,Malcolm,pupper,https://pbs.twimg.com/media/CmpVaOZWIAAp3z6.jpg,1,American_black_bear,0.2191659999999999,False,lesser_panda,0.214715,False,titi,0.0916851,False,1020,4015
750383411068534784,2016-07-05 17:38:41,"<a href=""http://twitter.com/download/iphone"" rel=""nofollow"">Twitter for iPhone</a>",This is Zoe. She was trying to stealthily take a picture of you but you just noticed. 9/10 not so sneaky pupper https://t.co/FfH3o88Vta,https://twitter.com/dog_rates/status/750383411068534784/photo/1,9,10,Zoe,pupper,https://pbs.twimg.com/media/CmnluwbXEAAqnkw.jpg,1,Border_collie,0.672791,True,collie,0.270188,True,papillon,0.0345039,True,1016,4137
750011400160841729,2016-07-04 17:00:26,"<a href=""https://about.twitter.com/products/tweetdeck"" rel=""nofollow"">TweetDeck</a>",Meet Piper. She's an airport doggo. Please return your tray table to its full pupright and locked position. 11/10 https://t.co/D17IAcetmM,https://twitter.com/dog_rates/status/750011400160841729/photo/1,11,10,Piper,doggo,https://pbs.twimg.com/media/CmfmvGUWgAAuVKD.jpg,1,muzzle,0.2376199999999999,False,Boston_bull,0.0871498,True,sombrero,0.0685099,False,802,2930
749417653287129088,2016-07-03 01:41:06,"<a href=""http://twitter.com/download/iphone"" rel=""nofollow"">Twitter for iPhone</a>",This is Finn. He's the most unphotogenic pupper of all time. 11/10 https://t.co/qvA2rCUl6v,https://twitter.com/dog_rates/status/749417653287129088/photo/1,11,10,Finn,pupper,https://pbs.twimg.com/media/CmZ3YH9WEAAowi3.jpg,2,papillon,0.772894,True,Shetland_sheepdog,0.0424076,True,collie,0.0423131,True,1480,5524
749317047558017024,2016-07-02 19:01:20,"<a href=""http://twitter.com/download/iphone"" rel=""nofollow"">Twitter for iPhone</a>",This is Blu. He's a wild bush Floofer. I wish anything made me as happy as bushes make Blu. 12/10 would frolic with https://t.co/HHUAnBb6QB,https://twitter.com/dog_rates/status/749317047558017024/video/1,12,10,Blu,floofer,https://pbs.twimg.com/ext_tw_video_thumb/749316899712950272/pu/img/nvZI9mkoAxt89sul.jpg,1,wire-haired_fox_terrier,0.155144,True,Lakeland_terrier,0.1083819999999999,True,buckeye,0.0746167,False,2003,4949
748932637671223296,2016-07-01 17:33:49,"<a href=""http://twitter.com/download/iphone"" rel=""nofollow"">Twitter for iPhone</a>",Say hello to Divine Doggo. Must be magical af. 13/10 would be an honor to pet https://t.co/BbcABzohKb,https://twitter.com/dog_rates/status/748932637671223296/photo/1,13,10,Divine,doggo,https://pbs.twimg.com/media/CmS-QkQWAAAkUa-.jpg,1,borzoi,0.742912,True,wire-haired_fox_terrier,0.2040819999999999,True,English_setter,0.0210322999999999,True,2018,5278
745433870967832576,2016-06-22 01:50:58,"<a href=""http://twitter.com/download/iphone"" rel=""nofollow"">Twitter for iPhone</a>",This is Lenox. She's in a wheelbarrow. Silly doggo. You don't belong there. 10/10 would push around https://t.co/oYbVR4nBsR,https://twitter.com/dog_rates/status/745433870967832576/photo/1,10,10,Lenox,doggo,https://pbs.twimg.com/media/ClhQJUUWAAEVpBX.jpg,1,barrow,0.999962,False,basset,1.44895e-05,True,wok,6.060880000000001e-06,False,2264,6380
744995568523612160,2016-06-20 20:49:19,"<a href=""http://twitter.com/download/iphone"" rel=""nofollow"">Twitter for iPhone</a>",This is Abby. She got her face stuck in a glass. Churlish af. 9/10 rookie move puppo https://t.co/2FPb45NXrK,https://twitter.com/dog_rates/status/744995568523612160/photo/1,9,10,Abby,puppo,https://pbs.twimg.com/media/ClbBg4WWEAMjwJu.jpg,1,Old_English_sheepdog,0.427481,True,Shih-Tzu,0.146336,True,Tibetan_terrier,0.134269,True,554,2658
743253157753532416,2016-06-16 01:25:36,"<a href=""http://twitter.com/download/iphone"" rel=""nofollow"">Twitter for iPhone</a>","This is Kilo. He cannot reach the snackum. Nifty tongue, but not nifty enough. 10/10 maybe one day puppo https://t.co/gSmp31Zrsx",https://twitter.com/dog_rates/status/743253157753532416/photo/1,10,10,Kilo,puppo,https://pbs.twimg.com/media/ClCQzFUUYAA5vAu.jpg,1,malamute,0.442612,True,Siberian_husky,0.368137,True,Eskimo_dog,0.177822,True,1095,3825
742150209887731712,2016-06-13 00:22:53,"<a href=""http://twitter.com/download/iphone"" rel=""nofollow"">Twitter for iPhone</a>",This is Edmund. He sends stellar selfies. Cute af. 8/10 would totally snapchat with this pupper https://t.co/PprXoqZuKY,https://twitter.com/dog_rates/status/742150209887731712/photo/1,8,10,Edmund,pupper,https://pbs.twimg.com/media/CkylrVWWsAAiXJE.jpg,1,Siamese_cat,0.112413,False,French_bulldog,0.0714143999999999,True,hog,0.0624654,False,1365,4580
741743634094141440,2016-06-11 21:27:17,"<a href=""http://twitter.com/download/iphone"" rel=""nofollow"">Twitter for iPhone</a>",Meet Aqua. She's a sandy pupper. Not sure how she feels about being so sandy. Radical tongue slip. 11/10 petable af https://t.co/rYxJ0UQtbE,https://twitter.com/dog_rates/status/741743634094141440/photo/1,11,10,Aqua,pupper,https://pbs.twimg.com/media/Cksz42EW0AAh2NF.jpg,1,Labrador_retriever,0.786089,True,flat-coated_retriever,0.0486524,True,Chesapeake_Bay_retriever,0.0346933,True,2448,7363
740676976021798912,2016-06-08 22:48:46,"<a href=""http://twitter.com/download/iphone"" rel=""nofollow"">Twitter for iPhone</a>","Meet Baloo. He's expecting a fast ground ball, hence the wide stance. Prepared af. 11/10 nothing runs like a pupper https://t.co/sMbMw5Z2XC",https://twitter.com/dog_rates/status/740676976021798912/photo/1,11,10,Baloo,pupper,https://pbs.twimg.com/media/Ckdpx5KWsAANF6b.jpg,1,wombat,0.462952,False,Norwegian_elkhound,0.275225,True,Siamese_cat,0.0435593,False,6080,16367
739606147276148736,2016-06-05 23:53:41,"<a href=""http://twitter.com/download/iphone"" rel=""nofollow"">Twitter for iPhone</a>",Meet Benji. He just turned 1. Has already given up on a traditional pupper physique. Just inhaled that thing. 9/10 https://t.co/sLUC4th3Zj,https://twitter.com/dog_rates/status/739606147276148736/photo/1,9,10,Benji,pupper,https://pbs.twimg.com/media/CkOb3FXW0AAUL_U.jpg,3,Blenheim_spaniel,0.933755,True,cocker_spaniel,0.0417194,True,Brittany_spaniel,0.00671256,True,1469,4841
738537504001953792,2016-06-03 01:07:16,"<a href=""http://twitter.com/download/iphone"" rel=""nofollow"">Twitter for iPhone</a>",This is Bayley. She fell asleep trying to escape her evil fence enclosure. 11/10 night night puppo https://t.co/AxSiqAKEKu,https://twitter.com/dog_rates/status/738537504001953792/photo/1,11,10,Bayley,puppo,https://pbs.twimg.com/media/Cj_P7rSUgAAYQbz.jpg,1,chow,0.808737,True,gibbon,0.0289424,False,Pembroke,0.0264979,True,1361,4574
736365877722001409,2016-05-28 01:18:00,"<a href=""http://twitter.com/download/iphone"" rel=""nofollow"">Twitter for iPhone</a>",This is Rory. He's extremely impatient. 11/10 settle down pupper https://t.co/e3tfXJLi40,https://twitter.com/dog_rates/status/736365877722001409/photo/1,11,10,Rory,pupper,https://pbs.twimg.com/media/CjgYyuvWkAAHU8g.jpg,3,cup,0.473555,False,toy_poodle,0.082606,True,consomme,0.048298,False,1085,3583
735256018284875776,2016-05-24 23:47:49,"<a href=""http://twitter.com/download/iphone"" rel=""nofollow"">Twitter for iPhone</a>",This is Kellogg. He accidentally opened the front facing camera. 8/10 get it together doggo https://t.co/MRYv7nDPyS,https://twitter.com/dog_rates/status/735256018284875776/photo/1,8,10,Kellogg,doggo,https://pbs.twimg.com/media/CjQnclkVEAA4pnK.jpg,1,Staffordshire_bullterrier,0.523191,True,French_bulldog,0.3511039999999999,True,doormat,0.0280752999999999,False,791,2992
735137028879360001,2016-05-24 15:55:00,"<a href=""http://twitter.com/download/iphone"" rel=""nofollow"">Twitter for iPhone</a>",Meet Buckley. His family &amp; some neighbors came over to watch him perform but he's nervous af. 9/10 u got this pupper https://t.co/5bdCpPlno9,https://twitter.com/dog_rates/status/735137028879360001/photo/1,9,10,Buckley,pupper,https://pbs.twimg.com/media/CjO7OfeWgAAUQy-.jpg,1,Walker_hound,0.413535,True,beagle,0.233891,True,English_foxhound,0.164943,True,861,2819
733822306246479872,2016-05-21 00:50:46,"<a href=""http://twitter.com/download/iphone"" rel=""nofollow"">Twitter for iPhone</a>",This is Moose. He's a Polynesian Floofer. Dapper af. 10/10 would pet diligently https://t.co/mVfqRdppTL,https://twitter.com/dog_rates/status/733822306246479872/photo/1,10,10,Moose,floofer,https://pbs.twimg.com/media/Ci8Pfg_UUAA2m9i.jpg,1,Lhasa,0.457356,True,Shih-Tzu,0.371282,True,Tibetan_terrier,0.048359,True,901,3300
732375214819057664,2016-05-17 01:00:32,"<a href=""http://twitter.com/download/iphone"" rel=""nofollow"">Twitter for iPhone</a>",This is Kyle (pronounced 'Mitch'). He strives to be the best doggo he can be. 11/10 would pat on head approvingly https://t.co/aA2GiTGvlE,https://twitter.com/dog_rates/status/732375214819057664/photo/1,11,10,Kyle,doggo,https://pbs.twimg.com/media/CinrX2EWkAABDYt.jpg,1,tennis_ball,0.998673,False,basset,0.000547053,True,golden_retriever,0.00035998,True,2242,7235
730573383004487680,2016-05-12 01:40:42,"<a href=""http://twitter.com/download/iphone"" rel=""nofollow"">Twitter for iPhone</a>",This is Rooney. He can't comprehend glass. 10/10 it'll be ok pupper https://t.co/CnUl2uDBBV,https://twitter.com/dog_rates/status/730573383004487680/photo/1,10,10,Rooney,pupper,https://pbs.twimg.com/media/CiOEnI6WgAAmq4E.jpg,2,American_Staffordshire_terrier,0.810158,True,Labrador_retriever,0.0582049999999999,True,Weimaraner,0.0279295,True,1874,4344
728015554473250816,2016-05-05 00:16:48,"<a href=""http://twitter.com/download/iphone"" rel=""nofollow"">Twitter for iPhone</a>",This is Rueben. He has reached ultimate pupper zen state. 11/10 tranquil af https://t.co/Z167HgtnBi,https://twitter.com/dog_rates/status/728015554473250816/photo/1,11,10,Rueben,pupper,https://pbs.twimg.com/media/ChpuRyvVAAARMoq.jpg,1,cocker_spaniel,0.384559,True,golden_retriever,0.091661,True,sandbar,0.0817989,False,969,3680
725786712245440512,2016-04-28 20:40:11,"<a href=""http://twitter.com/download/iphone"" rel=""nofollow"">Twitter for iPhone</a>",Say hello to Lillie. She's a Rutabagan Floofem. Poor pupper ate and then passed out. 11/10 relatable af https://t.co/uIdGqug9rw,https://twitter.com/dog_rates/status/725786712245440512/photo/1,11,10,Lillie,pupper,https://pbs.twimg.com/media/ChKDKmIWIAIJP_e.jpg,1,chow,0.335761,True,Samoyed,0.167173,True,kuvasz,0.145715,True,1223,3740
724405726123311104,2016-04-25 01:12:38,"<a href=""http://twitter.com/download/iphone"" rel=""nofollow"">Twitter for iPhone</a>",This is Ashleigh. She's having Coachella withdrawals. Didn't even go tho. 10/10 stay strong pupper https://t.co/nRUaKWnJfH,https://twitter.com/dog_rates/status/724405726123311104/photo/1,10,10,Ashleigh,pupper,https://pbs.twimg.com/media/Cg2bKLAWwAA0WEm.jpg,1,golden_retriever,0.240695,True,cocker_spaniel,0.202444,True,feather_boa,0.159348,False,1479,4742
724004602748780546,2016-04-23 22:38:43,"<a href=""http://twitter.com/download/iphone"" rel=""nofollow"">Twitter for iPhone</a>",This is Luther. He saw a ghost. Spooked af. 11/10 hang in there pupper https://t.co/EdKG43VvEl,https://twitter.com/dog_rates/status/724004602748780546/photo/1,11,10,Luther,pupper,https://pbs.twimg.com/media/CgwuWCeW4AAsgbD.jpg,3,Siamese_cat,0.950526,False,pug,0.0188769,True,quilt,0.0076276,False,1369,3744
721001180231503872,2016-04-15 15:44:11,"<a href=""http://twitter.com/download/iphone"" rel=""nofollow"">Twitter for iPhone</a>",This is Oliver. Bath time is upon him. His fear of the wetness postpones his ultimate pupper destiny. 11/10 https://t.co/AFzzKqR4tT,https://twitter.com/dog_rates/status/721001180231503872/photo/1,11,10,Oliver,pupper,https://pbs.twimg.com/media/CgGCvxAUkAAx55r.jpg,1,Samoyed,0.950053,True,washbasin,0.00632139,False,tub,0.00624335,False,543,2288
720340705894408192,2016-04-13 19:59:42,"<a href=""http://twitter.com/download/iphone"" rel=""nofollow"">Twitter for iPhone</a>",This is Derek. He just got balled on. Can't even get up. Poor thing. 10/10 hang in there pupper https://t.co/BIRRF3bcWH,https://twitter.com/dog_rates/status/720340705894408192/photo/1,10,10,Derek,pupper,https://pbs.twimg.com/media/Cf8qDFbWwAEf8M3.jpg,1,alp,0.320126,False,lawn_mower,0.0808077,False,viaduct,0.065321,False,850,2562
719704490224398336,2016-04-12 01:51:36,"<a href=""http://twitter.com/download/iphone"" rel=""nofollow"">Twitter for iPhone</a>",This is Clyde. He's making sure you're having a good train ride. 12/10 great pupper https://t.co/y206kWHAj0,https://twitter.com/dog_rates/status/719704490224398336/photo/1,12,10,Clyde,pupper,https://pbs.twimg.com/media/CfznaXuUsAAH-py.jpg,1,home_theater,0.0590326,False,window_shade,0.038299,False,bathtub,0.0355281999999999,False,1263,4040
717009362452090881,2016-04-04 15:22:08,"<a href=""http://twitter.com/download/iphone"" rel=""nofollow"">Twitter for iPhone</a>",This is Smokey. He's having some sort of existential crisis. 10/10 hang in there pupper https://t.co/JmgF4dMpw0,https://twitter.com/dog_rates/status/717009362452090881/photo/1,10,10,Smokey,pupper,https://pbs.twimg.com/media/CfNUNetW8AAekHx.jpg,1,Siberian_husky,0.506154,True,Eskimo_dog,0.269656,True,malamute,0.0606585,True,856,2910
711968124745228288,2016-03-21 17:30:03,"<a href=""http://twitter.com/download/iphone"" rel=""nofollow"">Twitter for iPhone</a>",Meet Winston. He's trapped in a cup of coffee. Poor pupper. 10/10 someone free him https://t.co/2e6cUtKUuc,https://twitter.com/dog_rates/status/711968124745228288/photo/1,10,10,Winston,pupper,https://pbs.twimg.com/media/CeFrO3qXEAADRbd.jpg,1,espresso,0.430135,False,coffee_mug,0.418483,False,cup,0.0883911999999999,False,2045,7204
711008018775851008,2016-03-19 01:54:56,"<a href=""http://twitter.com/download/iphone"" rel=""nofollow"">Twitter for iPhone</a>",This is Chuckles. He had a balloon but he accidentally let go of it and it floated away. 11/10 hang in there pupper https://t.co/68iNM7B5gW,https://twitter.com/dog_rates/status/711008018775851008/photo/1,11,10,Chuckles,pupper,https://pbs.twimg.com/media/Cd4CBQFW8AAY3ND.jpg,1,French_bulldog,0.731405,True,Boston_bull,0.150672,True,pug,0.0218109,True,545,2659
707315916783140866,2016-03-08 21:23:50,"<a href=""http://twitter.com/download/iphone"" rel=""nofollow"">Twitter for iPhone</a>",This is Finnegus. He's trapped in a snow globe. Poor pupper. 10/10 would make sure no one shook it https://t.co/BjpOa52jQ4,https://twitter.com/dog_rates/status/707315916783140866/photo/1,10,10,Finnegus,pupper,https://pbs.twimg.com/media/CdDkEkHWwAAAeUJ.jpg,2,Bernese_mountain_dog,0.979235,True,Shetland_sheepdog,0.0110368,True,Appenzeller,0.00397111,True,563,2230
705975130514706432,2016-03-05 04:36:02,"<a href=""http://twitter.com/download/iphone"" rel=""nofollow"">Twitter for iPhone</a>",This is Adele. Her tongue flies out of her mouth at random. It's a debilitating illness. 10/10 stay strong pupper https://t.co/cfn81n3FLO,https://twitter.com/dog_rates/status/705975130514706432/photo/1,10,10,Adele,pupper,https://pbs.twimg.com/media/CcwgjmuXIAEQoSd.jpg,1,Staffordshire_bullterrier,0.5877640000000001,True,American_Staffordshire_terrier,0.281429,True,bull_mastiff,0.0947981,True,652,2793
705428427625635840,2016-03-03 16:23:38,"<a href=""http://twitter.com/download/iphone"" rel=""nofollow"">Twitter for iPhone</a>",This is Ambrose. He's an Alfalfa Ballyhoo. Draws pistol fast af. Pretty much runs the frontier. 11/10 lethal pupper https://t.co/ih6epBOxIA,https://twitter.com/dog_rates/status/705428427625635840/photo/1,11,10,Ambrose,pupper,https://pbs.twimg.com/media/CcovaMUXIAApFDl.jpg,1,Chihuahua,0.774792,True,quilt,0.0730794,False,Pembroke,0.0223651,True,1489,3407
704347321748819968,2016-02-29 16:47:42,"<a href=""http://twitter.com/download/iphone"" rel=""nofollow"">Twitter for iPhone</a>",This is Ralphson. He's very confused. Wondering why he's sitting on Santa's lap in February. 10/10 stay woke pupper https://t.co/INphk4ltkZ,https://twitter.com/dog_rates/status/704347321748819968/photo/1,10,10,Ralphson,pupper,https://pbs.twimg.com/media/CcZYJniXEAAEJRF.jpg,1,teddy,0.233378,False,feather_boa,0.0884744,False,Brittany_spaniel,0.0829173,True,305,1406
703611486317502464,2016-02-27 16:03:45,"<a href=""http://twitter.com/download/iphone"" rel=""nofollow"">Twitter for iPhone</a>",Meet Scooter. He's experiencing the pupper equivalent of dropping ur phone in a toilet 10/10 put it in some rice pup https://t.co/JSmX1FIEaW,https://twitter.com/dog_rates/status/703611486317502464/photo/1,10,10,Scooter,pupper,https://pbs.twimg.com/media/CcO66OjXEAASXmH.jpg,1,Pembroke,0.756441,True,basenji,0.126621,True,Cardigan,0.0801166999999999,True,1344,3441
702598099714314240,2016-02-24 20:56:55,"<a href=""http://twitter.com/download/iphone"" rel=""nofollow"">Twitter for iPhone</a>","This is Sansa. She's gotten too big for her chair. Not so smol anymore. 11/10 once a pupper, always a pupper https://t.co/IpAoztle2s",https://twitter.com/dog_rates/status/702598099714314240/photo/1,11,10,Sansa,pupper,https://pbs.twimg.com/media/CcAhPevW8AAoknv.jpg,1,kelpie,0.2191789999999999,True,badger,0.1335839999999999,False,Siamese_cat,0.0744399999999999,False,3069,10988
701545186879471618,2016-02-21 23:13:01,"<a href=""http://twitter.com/download/iphone"" rel=""nofollow"">Twitter for iPhone</a>",Meet Millie. She's practicing her dive form for Rio. It's nearly perfect. Dedicated af. 10/10 go for gold pupper https://t.co/SDVkc4m96M,https://twitter.com/dog_rates/status/701545186879471618/photo/1,10,10,Millie,pupper,https://pbs.twimg.com/media/CbxjnyOWAAAWLUH.jpg,1,Border_collie,0.280893,True,Cardigan,0.11255,True,toy_terrier,0.0533172,True,533,2387
699801817392291840,2016-02-17 03:45:29,"<a href=""http://twitter.com/download/iphone"" rel=""nofollow"">Twitter for iPhone</a>",This is Cooper. He began to tear up when his bone was taken from him. 11/10 stay strong pupper https://t.co/qI8yvqKG02,https://twitter.com/dog_rates/status/699801817392291840/photo/1,11,10,Cooper,pupper,https://pbs.twimg.com/media/CbYyCMcWIAAHHjF.jpg,2,golden_retriever,0.808978,True,Irish_setter,0.0424281,True,Labrador_retriever,0.0235364,True,834,2706
696877980375769088,2016-02-09 02:07:12,"<a href=""http://twitter.com/download/iphone"" rel=""nofollow"">Twitter for iPhone</a>",This is Misty. She's in a predicament. Not sure what next move should be. 9/10 stay calm pupper I'm comin https://t.co/XhR7PAgcwF,https://twitter.com/dog_rates/status/696877980375769088/photo/1,9,10,Misty,pupper,https://pbs.twimg.com/media/CavO0uuWEAE96Ed.jpg,1,space_heater,0.206876,False,spatula,0.12345,False,vacuum,0.119218,False,624,2202
696713835009417216,2016-02-08 15:14:57,"<a href=""http://twitter.com/download/iphone"" rel=""nofollow"">Twitter for iPhone</a>",This is Trevith. He's a Swiss Mountain Roadwoof. Breeze too powerful. 9/10 stay strong pupper https://t.co/6J8Ibwy1X6,https://twitter.com/dog_rates/status/696713835009417216/photo/1,9,10,Trevith,pupper,https://pbs.twimg.com/media/Cas5h-wWcAA3nAc.jpg,1,car_mirror,0.379797,False,Chesapeake_Bay_retriever,0.321589,True,vizsla,0.116931,True,573,2123
695074328191332352,2016-02-04 02:40:08,"<a href=""http://twitter.com/download/iphone"" rel=""nofollow"">Twitter for iPhone</a>",This is Lorenzo. He's educated af. Just graduated college. 11/10 poor pupper can't even comprehend his debt https://t.co/dH3GzcjCtQ,https://twitter.com/dog_rates/status/695074328191332352/photo/1,11,10,Lorenzo,pupper,https://pbs.twimg.com/media/CaVmajOWYAA1uNG.jpg,1,Shih-Tzu,0.5101060000000001,True,Tibetan_terrier,0.0719809,True,Lhasa,0.069231,True,968,2550
694329668942569472,2016-02-02 01:21:07,"<a href=""http://twitter.com/download/iphone"" rel=""nofollow"">Twitter for iPhone</a>",Meet Grady. He's very hungry. Too bad no one can find his food bowl. 9/10 poor pupper https://t.co/oToIkYnEGn,https://twitter.com/dog_rates/status/694329668942569472/photo/1,9,10,Grady,pupper,https://pbs.twimg.com/media/CaLBJmOWYAQt44t.jpg,1,boxer,0.99006,True,bull_mastiff,0.00743627,True,Saint_Bernard,0.00161729,True,440,1780
693590843962331137,2016-01-31 00:25:18,"<a href=""http://twitter.com/download/iphone"" rel=""nofollow"">Twitter for iPhone</a>",Meet Phil. He's big af. Currently destroying this nice family home. Completely uncalled for. 3/10 not a good pupper https://t.co/fShNNhBWYx,https://twitter.com/dog_rates/status/693590843962331137/photo/1,3,10,Phil,pupper,https://pbs.twimg.com/media/CaAhMb1XEAAB6Bz.jpg,1,dining_table,0.383448,False,grey_fox,0.103191,False,Siamese_cat,0.0982558,False,1739,4523
693095443459342336,2016-01-29 15:36:45,"<a href=""http://twitter.com/download/iphone"" rel=""nofollow"">Twitter for iPhone</a>",This is Milo. He doesn't understand your fancy human gestures. Will lick instead. 10/10 can't faze this pupper https://t.co/OhodPIDOpW,https://twitter.com/dog_rates/status/693095443459342336/photo/1,10,10,Milo,pupper,https://pbs.twimg.com/media/CZ5entwWYAAocEg.jpg,1,ice_lolly,0.660099,False,neck_brace,0.0395629,False,Yorkshire_terrier,0.0334878,True,397,1649
692905862751522816,2016-01-29 03:03:25,"<a href=""http://twitter.com/download/iphone"" rel=""nofollow"">Twitter for iPhone</a>",This is Wally. He's being abducted by aliens. 10/10 poor pupper https://t.co/EiF659Bgjn,https://twitter.com/dog_rates/status/692905862751522816/photo/1,10,10,Wally,pupper,https://pbs.twimg.com/media/CZ2yNKhWEAA_7cb.jpg,1,Mexican_hairless,0.162638,True,Doberman,0.1562869999999999,True,Rhodesian_ridgeback,0.0814778,True,773,2179
692417313023332352,2016-01-27 18:42:06,"<a href=""http://twitter.com/download/iphone"" rel=""nofollow"">Twitter for iPhone</a>",Meet Herschel. He's slightly bigger than ur average pupper. Looks lonely. Could probably ride 7/10 would totally pet https://t.co/VGaIMktX10,https://twitter.com/dog_rates/status/692417313023332352/photo/1,7,10,Herschel,pupper,https://pbs.twimg.com/media/CZv13u5WYAA6wQe.jpg,1,bison,0.2089219999999999,False,mink,0.169945,False,polecat,0.144494,False,3063,8400
689905486972461056,2016-01-20 20:21:00,"<a href=""http://twitter.com/download/iphone"" rel=""nofollow"">Twitter for iPhone</a>","Say hello to Gizmo. He's quite the pupper. Confused by bed, but agile af. Can barely catch on camera. 11/10 so quick https://t.co/IE4ZblyZRY",https://twitter.com/dog_rates/status/689905486972461056/photo/1,11,10,Gizmo,pupper,https://pbs.twimg.com/media/CZMJYCRVAAE35Wk.jpg,4,Pomeranian,0.943331,True,Shetland_sheepdog,0.0236750999999999,True,chow,0.00716495,True,607,2209
689623661272240129,2016-01-20 01:41:08,"<a href=""http://twitter.com/download/iphone"" rel=""nofollow"">Twitter for iPhone</a>",This is Lucy. She's terrified of the stuffed billed dog. 10/10 stay strong pupper https://t.co/QnvSjjyh7n,https://twitter.com/dog_rates/status/689623661272240129/photo/1,10,10,Lucy,pupper,https://pbs.twimg.com/media/CZIJD2SWIAMJgNI.jpg,1,toy_poodle,0.279604,True,mashed_potato,0.208564,False,Labrador_retriever,0.0774808999999999,True,570,1990
689143371370250240,2016-01-18 17:52:38,"<a href=""http://twitter.com/download/iphone"" rel=""nofollow"">Twitter for iPhone</a>",Meet Trip. He likes wearing costumes that aren't consistent with the season to screw with people 10/10 tricky pupper https://t.co/40w7TI5Axv,https://twitter.com/dog_rates/status/689143371370250240/photo/1,10,10,Trip,pupper,https://pbs.twimg.com/media/CZBUO2UWsAAKehS.jpg,1,English_springer,0.3037809999999999,True,papillon,0.165132,True,Welsh_springer_spaniel,0.149051,True,448,1829
688894073864884227,2016-01-18 01:22:00,"<a href=""http://twitter.com/download/iphone"" rel=""nofollow"">Twitter for iPhone</a>",This is Hamrick. He's covered in corn flakes. Silly pupper. Looks congested. 7/10 considerably petable https://t.co/ROPZcAMQKI,https://twitter.com/dog_rates/status/688894073864884227/photo/1,7,10,Hamrick,pupper,https://pbs.twimg.com/media/CY9xf1dUAAE4XLc.jpg,1,hog,0.669996,False,guinea_pig,0.077347,False,hamster,0.0623981999999999,False,609,2017
688179443353796608,2016-01-16 02:02:19,"<a href=""http://twitter.com/download/iphone"" rel=""nofollow"">Twitter for iPhone</a>",This is Lizzie. She's about to fist bump the large ridable maned pupper. She's very excited. 10/10 for both dogs https://t.co/mFhvtX36om,https://twitter.com/dog_rates/status/688179443353796608/photo/1,10,10,Lizzie,pupper,https://pbs.twimg.com/media/CYznjAcUEAQ5Zq7.jpg,1,sorrel,0.81152,False,horse_cart,0.0248200999999999,False,Arabian_camel,0.0151553,False,517,1920
687704180304273409,2016-01-14 18:33:48,"<a href=""http://twitter.com/download/iphone"" rel=""nofollow"">Twitter for iPhone</a>",Say hello to Blakely. He thinks that's a hat. Silly pupper. That's a nanner. 9/10 https://t.co/UwOV1jqKRt,https://twitter.com/dog_rates/status/687704180304273409/photo/1,9,10,Blakely,pupper,https://pbs.twimg.com/media/CYs3TKzUAAAF9A2.jpg,1,miniature_pinscher,0.956063,True,toy_terrier,0.0122306,True,Chihuahua,0.00539748,True,756,2188
687476254459715584,2016-01-14 03:28:06,"<a href=""http://twitter.com/download/iphone"" rel=""nofollow"">Twitter for iPhone</a>",This is Curtis. He's a fluffball. 11/10 would snug this pupper https://t.co/1DzInODwrj,https://twitter.com/dog_rates/status/687476254459715584/photo/1,11,10,Curtis,pupper,https://pbs.twimg.com/media/CYpoAZTWEAA6vDs.jpg,1,wood_rabbit,0.702725,False,Angora,0.190659,False,hare,0.105072,False,470,1776
686683045143953408,2016-01-11 22:56:10,"<a href=""http://twitter.com/download/iphone"" rel=""nofollow"">Twitter for iPhone</a>",This is Mona. She's a Yarborough Splishnsplash. Lost body during Nam. 11/10 revolutionary pupper https://t.co/pgD6h0yhgz,https://twitter.com/dog_rates/status/686683045143953408/photo/1,11,10,Mona,pupper,https://pbs.twimg.com/media/CYeWlh0WAAADhsj.jpg,1,Norwich_terrier,0.100499,True,cocker_spaniel,0.0806711,True,golden_retriever,0.0794062,True,717,2546
686618349602762752,2016-01-11 18:39:05,"<a href=""http://twitter.com/download/iphone"" rel=""nofollow"">Twitter for iPhone</a>",This is Olivia. She just saw an adult wearing crocs. 11/10 poor pupper. No one should witness such a thing https://t.co/yJVTi1DjJc,https://twitter.com/dog_rates/status/686618349602762752/photo/1,11,10,Olivia,pupper,https://pbs.twimg.com/media/CYdbvwjWcAEtjYu.jpg,1,Rottweiler,0.441331,True,miniature_pinscher,0.23318,True,Gordon_setter,0.093582,True,1215,3333
686377065986265092,2016-01-11 02:40:19,"<a href=""http://twitter.com/download/iphone"" rel=""nofollow"">Twitter for iPhone</a>",Meet Birf. He thinks he's gone blind. 10/10 very frightened pupper https://t.co/oDkspjNWYX,https://twitter.com/dog_rates/status/686377065986265092/photo/1,10,10,Birf,pupper,https://pbs.twimg.com/media/CYaAS2kUoAINkye.jpg,1,German_shepherd,0.830816,True,Leonberg,0.0763252,True,bloodhound,0.0374486,True,500,1995
685667379192414208,2016-01-09 03:40:16,"<a href=""http://twitter.com/download/iphone"" rel=""nofollow"">Twitter for iPhone</a>",This is Marty. He has no idea what happened here. Never seen this stuff in his life. 9/10 very suspicious pupper https://t.co/u427woxFpJ,https://twitter.com/dog_rates/status/685667379192414208/photo/1,9,10,Marty,pupper,https://pbs.twimg.com/media/CYP62A6WkAAOnL4.jpg,1,sliding_door,0.344526,False,doormat,0.190027,False,washbasin,0.0463264,False,506,2137
685641971164143616,2016-01-09 01:59:19,"<a href=""http://twitter.com/download/iphone"" rel=""nofollow"">Twitter for iPhone</a>",This is Otis. He just passed a cop while going 61 in a 45. Very nervous pupper. 7/10 https://t.co/jJS8qQeuNO,https://twitter.com/dog_rates/status/685641971164143616/photo/1,7,10,Otis,pupper,https://pbs.twimg.com/media/CYPjvFqW8AAgiP2.jpg,1,Lakeland_terrier,0.253839,True,Airedale,0.2133489999999999,True,three-toed_sloth,0.0838341,False,687,2643
685307451701334016,2016-01-08 03:50:03,"<a href=""http://twitter.com/download/iphone"" rel=""nofollow"">Twitter for iPhone</a>",Say hello to Petrick. He's an Altostratus Floofer. Just had a run in with a trash bag. Groovy checkered floor. 11/10 https://t.co/rwW7z1JAOF,https://twitter.com/dog_rates/status/685307451701334016/photo/1,11,10,Petrick,floofer,https://pbs.twimg.com/media/CYKzfTTWMAEeTN7.jpg,1,Pomeranian,0.963176,True,Shetland_sheepdog,0.0194683,True,keeshond,0.00860493,True,384,1870
685268753634967552,2016-01-08 01:16:17,"<a href=""http://twitter.com/download/iphone"" rel=""nofollow"">Twitter for iPhone</a>",This is Hubertson. He's a Carmel Haberdashery. Enjoys long summer days on his boat. Very peaceful pupper. 10/10 https://t.co/vzCl35fKlZ,https://twitter.com/dog_rates/status/685268753634967552/photo/1,10,10,Hubertson,pupper,https://pbs.twimg.com/media/CYKQS0xUQAEOptC.jpg,1,pug,0.999044,True,Norwegian_elkhound,0.000546586,True,bull_mastiff,0.000235195,True,1046,2757
685169283572338688,2016-01-07 18:41:01,"<a href=""http://twitter.com/download/iphone"" rel=""nofollow"">Twitter for iPhone</a>",Meet Gerbald. He just found out he's adopted. Poor pupper. Snazzy tongue tho. 11/10 would hold close in time of need https://t.co/UfGkB9Wrud,https://twitter.com/dog_rates/status/685169283572338688/photo/1,11,10,Gerbald,pupper,https://pbs.twimg.com/media/CYI10WhWsAAjzii.jpg,1,Bernese_mountain_dog,0.975096,True,Appenzeller,0.0145781,True,EntleBucher,0.00594348,True,1254,3680
683481228088049664,2016-01-03 02:53:17,"<a href=""http://twitter.com/download/iphone"" rel=""nofollow"">Twitter for iPhone</a>",Meet Banjo. He's a Peppercorn Shoop Da Whoop. Nails look lethal. Skeptical of luminescent orb 11/10 stay woke pupper https://t.co/H7NZFumpKq,https://twitter.com/dog_rates/status/683481228088049664/photo/1,11,10,Banjo,pupper,https://pbs.twimg.com/media/CXw2jSpWMAAad6V.jpg,1,keeshond,0.508951,True,chow,0.4420159999999999,True,German_shepherd,0.013206,True,884,2384
683142553609318400,2016-01-02 04:27:31,"<a href=""http://twitter.com/download/iphone"" rel=""nofollow"">Twitter for iPhone</a>",Meet Brandy. She's a member of the Bloods. Menacing criminal pupper. Soft spot for flowers tho. 9/10 pet w caution https://t.co/hhIA3coiAJ,https://twitter.com/dog_rates/status/683142553609318400/photo/1,9,10,Brandy,pupper,https://pbs.twimg.com/media/CXsChyjW8AQJ16C.jpg,1,Leonberg,0.605851,True,chow,0.18347,True,German_shepherd,0.0796619,True,920,2574
683111407806746624,2016-01-02 02:23:45,"<a href=""http://twitter.com/download/iphone"" rel=""nofollow"">Twitter for iPhone</a>",This is Larry. He thought the New Year's parties were tonight. 10/10 poor pupper. Maybe next year https://t.co/h3X0jK8MVM,https://twitter.com/dog_rates/status/683111407806746624/photo/1,10,10,Larry,pupper,https://pbs.twimg.com/media/CXrmMSpUwAAdeRj.jpg,1,cocker_spaniel,0.901392,True,soft-coated_wheaten_terrier,0.0286048,True,miniature_schnauzer,0.0178054,True,808,3053
682406705142087680,2015-12-31 03:43:31,"<a href=""http://twitter.com/download/iphone"" rel=""nofollow"">Twitter for iPhone</a>",This is Patrick. He's a bigass pupper. 7/10 https://t.co/J9DXBFoAQe,https://twitter.com/dog_rates/status/682406705142087680/photo/1,7,10,Patrick,pupper,https://pbs.twimg.com/media/CXhlRmRUMAIYoFO.jpg,1,wombat,0.709344,False,koala,0.169758,False,beaver,0.0794334,False,1555,6764
681891461017812993,2015-12-29 17:36:07,"<a href=""http://twitter.com/download/iphone"" rel=""nofollow"">Twitter for iPhone</a>",Say hello to Charlie. He's scholarly af. Quite intimidating with all his pupper knowledge 10/10 even built that fire https://t.co/9KThv6z8u5,https://twitter.com/dog_rates/status/681891461017812993/photo/1,10,10,Charlie,pupper,https://pbs.twimg.com/media/CXaQqGbWMAAKEgN.jpg,1,Chihuahua,0.20357,True,doormat,0.134316,False,toy_terrier,0.0844823,True,730,2198
681694085539872773,2015-12-29 04:31:49,"<a href=""http://twitter.com/download/iphone"" rel=""nofollow"">Twitter for iPhone</a>",This is Bo. He's a Benedoop Cumbersnatch. Seems frustrated with own feet. Portable as hell. 11/10 very solid pupper https://t.co/TONMhRoQh7,https://twitter.com/dog_rates/status/681694085539872773/photo/1,11,10,Bo,pupper,https://pbs.twimg.com/media/CXXdJ7CVAAALu23.jpg,1,toy_poodle,0.920992,True,miniature_poodle,0.0608572,True,Maltese_dog,0.00606372,True,3592,11474
681654059175129088,2015-12-29 01:52:46,"<a href=""http://twitter.com/download/iphone"" rel=""nofollow"">Twitter for iPhone</a>",This is Toffee. He's a happy pupper. Appears dangerously fluffy. Extraordinarily spherical. 12/10 would pet firmly https://t.co/oEXEKt3MHu,https://twitter.com/dog_rates/status/681654059175129088/photo/1,12,10,Toffee,pupper,https://pbs.twimg.com/media/CXW4wGHWsAE_eBD.jpg,1,Pomeranian,0.800538,True,chow,0.146892,True,Pekinese,0.0376125,True,802,2355
680836378243002368,2015-12-26 19:43:36,"<a href=""http://twitter.com/download/iphone"" rel=""nofollow"">Twitter for iPhone</a>",This is Ellie. She's secretly ferocious. 12/10 very deadly pupper https://t.co/BF4BW8LUgb,https://twitter.com/dog_rates/status/680836378243002368/photo/1,12,10,Ellie,pupper,https://pbs.twimg.com/media/CXLREjOW8AElfk6.jpg,3,Pembroke,0.427781,True,Shetland_sheepdog,0.160669,True,Pomeranian,0.11125,True,1157,3108
680473011644985345,2015-12-25 19:39:43,"<a href=""http://twitter.com/download/iphone"" rel=""nofollow"">Twitter for iPhone</a>","This is Hector. He thinks he's a hammer. Silly Hector. You're a pupper, not a hammer. 10/10 https://t.co/OdUFuZIXiI",https://twitter.com/dog_rates/status/680473011644985345/photo/1,10,10,Hector,pupper,https://pbs.twimg.com/media/CXGGlzvWYAArPfk.jpg,1,Lakeland_terrier,0.796694,True,West_Highland_white_terrier,0.138709,True,Norwich_terrier,0.0162533999999999,True,653,2288
680145970311643136,2015-12-24 22:00:10,"<a href=""http://twitter.com/download/iphone"" rel=""nofollow"">Twitter for iPhone</a>",Say hello to Kawhi. He was doing fine until his hat fell off. He got it back though. 10/10 deep breaths pupper https://t.co/N5pM6WBx7e,https://twitter.com/dog_rates/status/680145970311643136/photo/1,10,10,Kawhi,pupper,https://pbs.twimg.com/media/CXBdJxLUsAAWql2.jpg,1,miniature_poodle,0.457117,True,toy_poodle,0.226481,True,Maltese_dog,0.0676815,True,1520,3223
679777920601223168,2015-12-23 21:37:40,"<a href=""http://twitter.com/download/iphone"" rel=""nofollow"">Twitter for iPhone</a>",This is Rinna. She's melting. 10/10 get inside pupper https://t.co/PA0czwucsb,https://twitter.com/dog_rates/status/679777920601223168/photo/1,10,10,Rinna,pupper,https://pbs.twimg.com/media/CW8OYajUMAAPRoF.jpg,1,bloodhound,0.5288189999999999,True,bull_mastiff,0.4201189999999999,True,French_bulldog,0.00948059,True,971,2785
679503373272485890,2015-12-23 03:26:43,"<a href=""http://twitter.com/download/iphone"" rel=""nofollow"">Twitter for iPhone</a>",This is Dwight. He's a pointy pupper. Very docile. Attracts marshmallows. Hurts to pet but definitely worth it 8/10 https://t.co/jjW7zTxY9Z,https://twitter.com/dog_rates/status/679503373272485890/photo/1,8,10,Dwight,pupper,https://pbs.twimg.com/media/CW4UtmYWsAAEjqA.jpg,1,porcupine,0.999846,False,meerkat,7.191479999999999e-05,False,echidna,4.44729e-05,False,1309,2832
678389028614488064,2015-12-20 01:38:42,"<a href=""http://twitter.com/download/iphone"" rel=""nofollow"">Twitter for iPhone</a>","This is Bella. She just learned that her final grade in chem was a 92.49 
poor pupper 11/10 https://t.co/auOoKuoveM",https://twitter.com/dog_rates/status/678389028614488064/photo/1,11,10,Bella,pupper,https://pbs.twimg.com/media/CWofOHUWUAACGVa.jpg,1,miniature_pinscher,0.516284,True,kelpie,0.227402,True,vizsla,0.103246,True,369,1663
676603393314578432,2015-12-15 03:23:14,"<a href=""http://twitter.com/download/iphone"" rel=""nofollow"">Twitter for iPhone</a>",This is Godzilla pupper. He had a ruff childhood &amp; now deflects that pain outward by terrorizing cities. Tragic 9/10 https://t.co/g1tLGkyaxr,https://twitter.com/dog_rates/status/676603393314578432/photo/1,9,10,Godzilla,pupper,https://pbs.twimg.com/media/CWPHMqKVAAAE78E.jpg,1,whippet,0.8770209999999999,True,Great_Dane,0.0341819,True,boxer,0.028404,True,332,1017
675845657354215424,2015-12-13 01:12:15,"<a href=""http://twitter.com/download/iphone"" rel=""nofollow"">Twitter for iPhone</a>","This is Pepper. She's not fully comfortable riding her imaginary bike yet. 10/10 don't worry pupper, it gets easier https://t.co/40dj4eTsXG",https://twitter.com/dog_rates/status/675845657354215424/photo/1,10,10,Pepper,pupper,https://pbs.twimg.com/media/CWEWClfW4AAnqhG.jpg,1,pug,0.8839520000000001,True,Boston_bull,0.0110568,True,French_bulldog,0.00983981,True,760,1990
675113801096802304,2015-12-11 00:44:07,"<a href=""http://twitter.com/download/iphone"" rel=""nofollow"">Twitter for iPhone</a>",Meet Zuzu. He just graduated college. Astute pupper. Needs 2 leashes to contain him. Wasn't ready for the pic. 10/10 https://t.co/2H5SKmk0k7,https://twitter.com/dog_rates/status/675113801096802304/photo/1,10,10,Zuzu,pupper,https://pbs.twimg.com/media/CV58a4nXAAApywo.jpg,1,bow,0.16802,False,quill,0.1088069999999999,False,joystick,0.0433118,False,675,1694
675006312288268288,2015-12-10 17:37:00,"<a href=""http://twitter.com/download/iphone"" rel=""nofollow"">Twitter for iPhone</a>",Say hello to Mollie. This pic was taken after she bet all her toys on Ronda Rousey. 10/10 hang in there pupper https://t.co/QMmAqA9VqO,https://twitter.com/dog_rates/status/675006312288268288/photo/1,10,10,Mollie,pupper,https://pbs.twimg.com/media/CV4aqCwWsAIi3OP.jpg,1,boxer,0.654697,True,space_heater,0.0433888,False,beagle,0.0428476,True,194,849
674774481756377088,2015-12-10 02:15:47,"<a href=""http://twitter.com/download/iphone"" rel=""nofollow"">Twitter for iPhone</a>",This is Superpup. His head isn't proportional to his body. Has yet to serve any justice. 11/10 maybe one day pupper https://t.co/gxIFgg8ktm,https://twitter.com/dog_rates/status/674774481756377088/photo/1,11,10,Superpup,pupper,https://pbs.twimg.com/media/CV1HztsWoAAuZwo.jpg,1,Chihuahua,0.407016,True,French_bulldog,0.309978,True,Siamese_cat,0.227677,False,397,958
674737130913071104,2015-12-09 23:47:22,"<a href=""http://twitter.com/download/iphone"" rel=""nofollow"">Twitter for iPhone</a>",Meet Rufio. He is unaware of the pink legless pupper wrapped around him. Might want to get that checked 10/10 &amp; 4/10 https://t.co/KNfLnYPmYh,https://twitter.com/dog_rates/status/674737130913071104/photo/1,10,10,Rufio,pupper,https://pbs.twimg.com/media/CV0l10AU8AAfg-a.jpg,1,Pomeranian,0.948537,True,schipperke,0.0143098999999999,True,Chihuahua,0.00812024,True,79,562
674318007229923329,2015-12-08 20:01:55,"<a href=""http://twitter.com/download/iphone"" rel=""nofollow"">Twitter for iPhone</a>",This is Lennon. He's in quite the predicament. 8/10 hang in there pupper https://t.co/7mf8XXPAZv,https://twitter.com/dog_rates/status/674318007229923329/photo/1,8,10,Lennon,pupper,https://pbs.twimg.com/media/CVuopr8WwAExw_T.jpg,1,porcupine,0.846628,False,hamster,0.0381361,False,echidna,0.0146804,False,440,1214
674262580978937856,2015-12-08 16:21:41,"<a href=""http://twitter.com/download/iphone"" rel=""nofollow"">Twitter for iPhone</a>",This is Gus. He's super stoked about being an elephant. Couldn't be happier. 9/10 for elephant pupper https://t.co/gJS1qU0jP7,https://twitter.com/dog_rates/status/674262580978937856/photo/1,9,10,Gus,pupper,https://pbs.twimg.com/media/CVt2PawWIAEUkqW.jpg,1,Greater_Swiss_Mountain_dog,0.519428,True,boxer,0.1215,True,Staffordshire_bullterrier,0.114498,True,370,1148
674038233588723717,2015-12-08 01:30:12,"<a href=""http://twitter.com/download/iphone"" rel=""nofollow"">Twitter for iPhone</a>",This is Kaiya. She's an aspiring shoe model. 12/10 follow your dreams pupper https://t.co/nX8FiGRHvk,https://twitter.com/dog_rates/status/674038233588723717/photo/1,12,10,Kaiya,pupper,https://pbs.twimg.com/media/CVqqMtiVEAEye_L.jpg,1,Eskimo_dog,0.358459,True,Norwegian_elkhound,0.206963,True,malamute,0.1482359999999999,True,359,947
673919437611909120,2015-12-07 17:38:09,"<a href=""http://twitter.com/download/iphone"" rel=""nofollow"">Twitter for iPhone</a>",This is Obie. He is on guard watching for evildoers from the comfort of his pumpkin. Very brave pupper. 11/10 https://t.co/cdwPTsGEAb,https://twitter.com/dog_rates/status/673919437611909120/photo/1,11,10,Obie,pupper,https://pbs.twimg.com/media/CVo-JuMWwAAet6F.jpg,1,jack-o'-lantern,0.172079,False,schipperke,0.1159839999999999,True,miniature_pinscher,0.052175,True,314,1031
673707060090052608,2015-12-07 03:34:14,"<a href=""http://twitter.com/download/iphone"" rel=""nofollow"">Twitter for iPhone</a>",This is Raymond. He's absolutely terrified of floating tennis ball. 10/10 it'll be ok pupper https://t.co/QyH1CaY3SM,https://twitter.com/dog_rates/status/673707060090052608/photo/1,10,10,Raymond,pupper,https://pbs.twimg.com/media/CVl8_EPWoAAcuSC.jpg,1,German_short-haired_pointer,0.935771,True,kelpie,0.022561,True,Labrador_retriever,0.00884665,True,336,964
673697980713705472,2015-12-07 02:58:09,"<a href=""http://twitter.com/download/iphone"" rel=""nofollow"">Twitter for iPhone</a>",This is Pickles. She's a tiny pointy pupper. Average walker. Very skeptical of wet leaf. 8/10 https://t.co/lepRCaGcgw,https://twitter.com/dog_rates/status/673697980713705472/photo/1,8,10,Pickles,pupper,https://pbs.twimg.com/media/CVl0vFeWoAAMTfg.jpg,1,porcupine,0.151876,False,hen,0.1113799999999999,False,doormat,0.0589337,False,1660,3416
673656262056419329,2015-12-07 00:12:23,"<a href=""http://twitter.com/download/iphone"" rel=""nofollow"">Twitter for iPhone</a>",This is Albert AKA King Banana Peel. He's a kind ruler of the kitchen. Very jubilant pupper. 10/10 overall great dog https://t.co/PN8hxgZ9We,https://twitter.com/dog_rates/status/673656262056419329/photo/1,10,10,Albert,pupper,https://pbs.twimg.com/media/CVlOy3pW4AQ9H1K.jpg,1,bull_mastiff,0.700625,True,Rhodesian_ridgeback,0.0946977,True,Brabancon_griffon,0.0575594,True,192,628
673612854080196609,2015-12-06 21:19:54,"<a href=""http://twitter.com/download/iphone"" rel=""nofollow"">Twitter for iPhone</a>",This is Jeffri. He's a speckled ice pupper. Very lazy. Enjoys the occasional swim. Rather majestic really. 7/10 https://t.co/0iyItbtkr8,https://twitter.com/dog_rates/status/673612854080196609/photo/1,7,10,Jeffri,pupper,https://pbs.twimg.com/media/CVknUTlVEAARjU5.jpg,1,Newfoundland,0.223101,True,Leonberg,0.111106,True,shovel,0.0856263,False,616,1388
673342308415348736,2015-12-06 03:24:51,"<a href=""http://twitter.com/download/iphone"" rel=""nofollow"">Twitter for iPhone</a>",This is Django. He's a skilled assassin pupper. 10/10 https://t.co/w0YTuiRd1a,https://twitter.com/dog_rates/status/673342308415348736/photo/1,10,10,Django,pupper,https://pbs.twimg.com/media/CVgxQc5XIAAYL0W.jpg,1,ski_mask,0.981017,False,Chihuahua,0.0135592,True,kelpie,0.00065218,True,481,1100
673295268553605120,2015-12-06 00:17:55,"<a href=""http://twitter.com/download/iphone"" rel=""nofollow"">Twitter for iPhone</a>",Meet Eve. She's a raging alcoholic 8/10 (would b 11/10 but pupper alcoholism is a tragic issue that I can't condone) https://t.co/U36HYQIijg,https://twitter.com/dog_rates/status/673295268553605120/photo/1,8,10,Eve,pupper,https://pbs.twimg.com/media/CVgGc9hWIAIe1bn.jpg,1,golden_retriever,0.889241,True,Labrador_retriever,0.0646833,True,Great_Pyrenees,0.0126126,True,2686,6552
673148804208660480,2015-12-05 14:35:56,"<a href=""http://twitter.com/download/iphone"" rel=""nofollow"">Twitter for iPhone</a>",This is Fletcher. He's had a ruff night. No more Fireball for Fletcher. 8/10 it'll be over soon pupper https://t.co/tA4WpkI2cw,https://twitter.com/dog_rates/status/673148804208660480/photo/1,8,10,Fletcher,pupper,https://pbs.twimg.com/media/CVeBQwiUsAAqhLw.jpg,1,tub,0.8730100000000001,False,bathtub,0.0914341,False,toilet_seat,0.0254562999999999,False,534,1445
672988786805112832,2015-12-05 04:00:04,"<a href=""http://twitter.com/download/iphone"" rel=""nofollow"">Twitter for iPhone</a>",This is Schnozz. He's had a blurred tail since birth. Hasn't let that stop him. 10/10 inspirational pupper https://t.co/a3zYMcvbXG,https://twitter.com/dog_rates/status/672988786805112832/photo/1,10,10,Schnozz,pupper,https://pbs.twimg.com/media/CVbvjKqW4AA_CuD.jpg,1,Lakeland_terrier,0.8366319999999999,True,West_Highland_white_terrier,0.0738996,True,wire-haired_fox_terrier,0.0381601,True,251,850
672975131468300288,2015-12-05 03:05:49,"<a href=""http://twitter.com/download/iphone"" rel=""nofollow"">Twitter for iPhone</a>",This is Chuckles. He is one skeptical pupper. 10/10 stay woke Chuckles https://t.co/ZlcF0TIRW1,https://twitter.com/dog_rates/status/672975131468300288/photo/1,10,10,Chuckles,pupper,https://pbs.twimg.com/media/CVbjRSIWsAElw2s.jpg,1,pug,0.8364209999999999,True,Brabancon_griffon,0.0446678,True,French_bulldog,0.0365705,True,760,1444
672970152493887488,2015-12-05 02:46:02,"<a href=""http://twitter.com/download/iphone"" rel=""nofollow"">Twitter for iPhone</a>",This is Chet. He's having a hard time. Really struggling. 7/10 hang in there pupper https://t.co/eb4ta0xtnd,https://twitter.com/dog_rates/status/672970152493887488/photo/1,7,10,Chet,pupper,https://pbs.twimg.com/media/CVbeyGUU8AEq300.jpg,1,leaf_beetle,0.340154,False,rhinoceros_beetle,0.139698,False,crayfish,0.0580336,False,297,807
672898206762672129,2015-12-04 22:00:08,"<a href=""http://twitter.com/download/iphone"" rel=""nofollow"">Twitter for iPhone</a>",This is Cheryl AKA Queen Pupper of the Skies. Experienced fighter pilot. Much skill. True hero. 11/10 https://t.co/i4XJEWwdsp,https://twitter.com/dog_rates/status/672898206762672129/photo/1,11,10,Cheryl,pupper,https://pbs.twimg.com/media/CVadWcCXIAAL4Sh.jpg,1,motor_scooter,0.8358190000000001,False,bobsled,0.0358563,False,moped,0.033079,False,349,765
672614745925664768,2015-12-04 03:13:46,"<a href=""http://twitter.com/download/iphone"" rel=""nofollow"">Twitter for iPhone</a>",This is Norman. Doesn't bark much. Very docile pup. Up to date on current events. Overall nifty pupper. 6/10 https://t.co/ntxsR98f3U,https://twitter.com/dog_rates/status/672614745925664768/photo/1,6,10,Norman,pupper,https://pbs.twimg.com/media/CVWbitUW4AAzclx.jpg,1,starfish,0.712717,False,goldfish,0.258865,False,sea_cucumber,0.00201543,False,506,1057
672594978741354496,2015-12-04 01:55:13,"<a href=""http://twitter.com/download/iphone"" rel=""nofollow"">Twitter for iPhone</a>",Meet Scott. Just trying to catch his train to work. Doesn't need everybody staring. 9/10 ignore the haters pupper https://t.co/jyXbZ35MYz,https://twitter.com/dog_rates/status/672594978741354496/photo/1,9,10,Scott,pupper,https://pbs.twimg.com/media/CVWJkJXWsAInlZl.jpg,1,Great_Pyrenees,0.755945,True,Old_English_sheepdog,0.0823368,True,Afghan_hound,0.0270365999999999,True,518,1137
672481316919734272,2015-12-03 18:23:34,"<a href=""http://twitter.com/download/iphone"" rel=""nofollow"">Twitter for iPhone</a>",Say hello to Jazz. She should be on the cover of Vogue. 12/10 gorgeous pupper https://t.co/mVCMemhXAP,https://twitter.com/dog_rates/status/672481316919734272/photo/1,12,10,Jazz,pupper,https://pbs.twimg.com/media/CVUiMUeW4AEQgkU.jpg,1,Border_collie,0.599454,True,collie,0.106227,True,Shetland_sheepdog,0.0944648999999999,True,109,624
672254177670729728,2015-12-03 03:21:00,"<a href=""http://twitter.com/download/iphone"" rel=""nofollow"">Twitter for iPhone</a>",This is Rolf. He's having the time of his life. 11/10 good pupper https://t.co/OO6MqEbqG3,https://twitter.com/dog_rates/status/672254177670729728/photo/1,11,10,Rolf,pupper,https://pbs.twimg.com/media/CVRTmz1WcAA4uMF.jpg,1,pug,0.979487,True,French_bulldog,0.0168504,True,Norwegian_elkhound,0.00161754,True,638,1241
672205392827572224,2015-12-03 00:07:09,"<a href=""http://twitter.com/download/iphone"" rel=""nofollow"">Twitter for iPhone</a>",This is Opal. He's a Royal John Coctostan. Ready for transport. Basically indestructible. 9/10 good pupper https://t.co/yRBQF9OS7D,https://twitter.com/dog_rates/status/672205392827572224/photo/1,9,10,Opal,pupper,https://pbs.twimg.com/media/CVQnPMrVAAAzShR.jpg,1,carton,0.952613,False,crate,0.0353762,False,pug,0.00326691,True,987,1923
672160042234327040,2015-12-02 21:06:56,"<a href=""http://twitter.com/download/iphone"" rel=""nofollow"">Twitter for iPhone</a>",This is Bubba. He's a Titted Peebles Aorta. Evolutionary masterpiece. Comfortable with his body. 8/10 great pupper https://t.co/aNkkl5nH3W,https://twitter.com/dog_rates/status/672160042234327040/photo/1,8,10,Bubba,pupper,https://pbs.twimg.com/media/CVP9_beUEAAwURR.jpg,1,pug,0.561027,True,French_bulldog,0.2221139999999999,True,Labrador_retriever,0.0654556,True,299,751
